{
  "parent": "tfcre:root",
  "display": {
    "icon": {
      "item": "tfc:firestarter"
    },
    "title": {
      "translate": "advancement.tfcre.icandoit.title"
    },
    "description": {
      "translate": "advancement.tfcre.icandoit.description"
    },
    "frame": "task",
    "show_toast": true,
    "announce_to_chat": false,
    "hidden": true
  },
  "criteria": {
    "first_night": {
      "trigger": "minecraft:location",
      "conditions": {
        "player": [
          {
            "condition": "minecraft:time_check",
            "value": {
              "min": 24000
            }
          },
          {
            "condition": "minecraft:inverted",
            "term": {
              "condition": "minecraft:entity_properties",
              "entity": "this",
              "predicate": {
                "nbt": "{Tags:[\"first_night_passed\"]}"
              }
            }
          }
        ]
      }
    }
  }
}