{
  "parent": "tfcre:root",
  "display": {
    "icon": {
      "item": "tfc:rock/loose/gabbro"
    },
    "title": {
      "translate": "advancement.tfcre.pickrocks.title"
    },
    "description": {
      "translate": "advancement.tfcre.pickrocks.description"
    },
    "frame": "task",
    "show_toast": true,
    "announce_to_chat": false,
    "hidden": false
  },
  "criteria": {
    "pick_rock": {
      "trigger": "minecraft:inventory_changed",
      "conditions": {
        "items": [
          {
            "tag": "tfc:rock_knapping"
          }
        ]
      }
    }
  }
}