{
  "display": {
    "icon": {
      "item": "tfc:firepit"
    },
    "title": {
      "translate":"advancement.tfcre.root.title"
    },
    "description": {
      "translate":"advancement.tfcre.root.description"
    },
    "frame": "challenge",
    "background": "tfc:textures/block/dirt/silt.png",
    "show_toast": true,
    "announce_to_chat": false,
    "hidden": false
  },
  "criteria": {
    "first_night": {
      "trigger": "minecraft:location",
      "conditions": {
        "player": [
          {
            "condition": "minecraft:time_check",
            "value": {
              "min": 24000
            }
          },
          {
            "condition": "minecraft:inverted",
            "term": {
              "condition": "minecraft:entity_properties",
              "entity": "this",
              "predicate": {
                "nbt": "{Tags:[\"first_night_passed\"]}"
              }
            }
          }
        ]
      }
    }
  }
}