{
  "display": {
    "icon": {
      "item": "tfc:firepit"
    },
    "title": {
      "translate": "advancement.tfcre.root.title"
    },
    "description": {
      "translate": "advancement.tfcre.root.description"
    },
    "frame": "challenge",
    "background": "tfc:textures/block/dirt/silt.png",
    "show_toast": true,
    "announce_to_chat": false,
    "hidden": false
  },
  "criteria": {
    "entered_world": {
      "trigger": "minecraft:tick"
    }
  },
  "requirements": [
    [
      "entered_world"
    ]
  ]
}