{
  "parent": "tfcre:pickrocks",
  "display": {
    "icon": {
      "item": "tfc:stone/axe/igneous_extrusive"
    },
    "title": {
      "translate": "advancement.tfcre.stonetools.title"
    },
    "description": {
      "translate": "advancement.tfcre.stonetools.description"
    },
    "frame": "task",
    "show_toast": true,
    "announce_to_chat": false,
    "hidden": false
  },
  "criteria": {
    "get_stone_tool": {
      "trigger": "minecraft:inventory_changed",
      "conditions": {
        "items": [
          {
            "tag": "tfc:stonetools"
          }
        ]
      }
    }
  }
}