{
  "__comment__": "This file was automatically created by mcresources",
  "variants": {
    "": [
      {
        "model": "tfc:block/groundcover/clam_0"
      },
      {
        "model": "tfc:block/groundcover/clam_0",
		"y": 90
      },
      {
        "model": "tfc:block/groundcover/clam_0",
        "y": 180
      },
      {
        "model": "tfc:block/groundcover/clam_0",
        "y": 270
      },
	  {
        "model": "tfc:block/groundcover/clam_1"
      },
      {
        "model": "tfc:block/groundcover/clam_1",
		"y": 90
      },
      {
        "model": "tfc:block/groundcover/clam_1",
        "y": 180
      },
      {
        "model": "tfc:block/groundcover/clam_1",
        "y": 270
      },
	  {
        "model": "tfc:block/groundcover/clam_2"
      },
      {
        "model": "tfc:block/groundcover/clam_2",
		"y": 90
      },
      {
        "model": "tfc:block/groundcover/clam_2",
        "y": 180
      },
      {
        "model": "tfc:block/groundcover/clam_2",
        "y": 270
      }
    ]
  }
}