{
  "variants": {
    "": [
      {"model": "tfc:block/groundcover/rotten_flesh_0", "y":  90},
      {"model": "tfc:block/groundcover/rotten_flesh_0"          },
      {"model": "tfc:block/groundcover/rotten_flesh_0", "y": 180},
      {"model": "tfc:block/groundcover/rotten_flesh_0", "y": 270},
      {"model": "tfc:block/groundcover/rotten_flesh_1", "y":  90},
      {"model": "tfc:block/groundcover/rotten_flesh_1"          },
      {"model": "tfc:block/groundcover/rotten_flesh_1", "y": 180},
      {"model": "tfc:block/groundcover/rotten_flesh_1", "y": 270},
      {"model": "tfc:block/groundcover/rotten_flesh_2", "y":  90},
      {"model": "tfc:block/groundcover/rotten_flesh_2"          },
      {"model": "tfc:block/groundcover/rotten_flesh_2", "y": 180},
      {"model": "tfc:block/groundcover/rotten_flesh_2", "y": 270}
    ]
  }
}
