{
	"credit": "Made by @vexxel with Blockbench - https://github.com/vexxel",
	"textures": {
		"6": "firmalife:block/oven/bottom/log"
	},
	"elements": [
		{
			"name": "log1",
			"from": [6.05, 2, 1.275],
			"to": [9.05, 5, 11.275],
			"rotation": {"angle": -22.5, "axis": "y", "origin": [8, 0, 7]},
			"faces": {
				"north": {"uv": [4, 4, 7, 7], "texture": "#6"},
				"east": {"uv": [4, 0, 14, 3], "texture": "#6"},
				"west": {"uv": [5, 1, 15, 4], "texture": "#6"},
				"up": {"uv": [0, 0, 10, 3], "rotation": 90, "texture": "#6"}
			}
		}
	]
}