{
  "__comment__": "This file was automatically created by mcresources",
  "multipart": [
    {
      "when": {
        "axis": "x"
      },
      "apply": {
        "model": "firmalife:block/pipe_inventory",
        "x": 90,
        "y": 90
      }
    },
    {
      "when": {
        "axis": "z"
      },
      "apply": {
        "model": "firmalife:block/pipe_inventory",
        "x": 90
      }
    },
	{
      "when": {
        "axis": "x"
      },
      "apply": {
        "model": "firmalife:block/pipe_support_stainless_steel",
		"y": 90
      }
    },
    {
      "when": {
        "axis": "z"
      },
      "apply": {
        "model": "firmalife:block/pipe_support_stainless_steel"
      }
    },
    {
      "when": {
        "down": false,
        "up": false
      },
      "apply": {
        "model": "firmalife:block/greenhouse/stainless_steel_wall"
      }
    },
    {
      "when": {
        "down": true,
        "up": false
      },
      "apply": {
        "model": "firmalife:block/greenhouse/stainless_steel_wall_down"
      }
    },
    {
      "when": {
        "down": false,
        "up": true
      },
      "apply": {
        "model": "firmalife:block/greenhouse/stainless_steel_wall_up"
      }
    },
    {
      "when": {
        "down": true,
        "up": true
      },
      "apply": {
        "model": "firmalife:block/greenhouse/stainless_steel_wall_both"
      }
    }
  ]
}