{
	"parent": "item/generated",
	"textures": {
		"layer0": "minecraft:item/birch_button"
	},
	"overrides": [
		{
			"predicate": {
				"custom_model_data": 1
			},
			"model": "item/animated_java_empty"
		},
		{
			"predicate": {
				"custom_model_data": 2
			},
			"model": "animated_java:item/photo/torso"
		},
		{
			"predicate": {
				"custom_model_data": 3
			},
			"model": "animated_java:item/photo/head"
		},
		{
			"predicate": {
				"custom_model_data": 4
			},
			"model": "animated_java:item/photo/right_arm"
		},
		{
			"predicate": {
				"custom_model_data": 5
			},
			"model": "animated_java:item/photo/left_arm"
		},
		{
			"predicate": {
				"custom_model_data": 6
			},
			"model": "animated_java:item/photo/right_leg"
		},
		{
			"predicate": {
				"custom_model_data": 7
			},
			"model": "animated_java:item/photo/left_leg"
		},
		{
			"predicate": {
				"custom_model_data": 8
			},
			"model": "animated_java:item/photo/camera"
		}
	],
	"animated_java": {
		"rigs": {
			"photo": {
				"used_ids": [
					2,
					3,
					4,
					5,
					6,
					7,
					8
				]
			}
		}
	}
}