{
	"parent": "item/generated",
	"textures": {
		"layer0": "minecraft:item/oak_button"
	},
	"overrides": [
		{
			"predicate": {
				"custom_model_data": 1
			},
			"model": "item/animated_java_empty"
		},
		{
			"predicate": {
				"custom_model_data": 2
			},
			"model": "animated_java:item/test_npc/torso"
		},
		{
			"predicate": {
				"custom_model_data": 3
			},
			"model": "animated_java:item/test_npc/head"
		},
		{
			"predicate": {
				"custom_model_data": 4
			},
			"model": "animated_java:item/test_npc/right_arm"
		},
		{
			"predicate": {
				"custom_model_data": 5
			},
			"model": "animated_java:item/test_npc/left_arm"
		},
		{
			"predicate": {
				"custom_model_data": 6
			},
			"model": "animated_java:item/test_npc/right_leg"
		},
		{
			"predicate": {
				"custom_model_data": 7
			},
			"model": "animated_java:item/test_npc/left_leg"
		}
	],
	"animated_java": {
		"rigs": {
			"test_npc": {
				"used_ids": [
					2,
					3,
					4,
					5,
					6,
					7
				]
			}
		}
	}
}