{
	"textures": {
		"1": "animated_java:item/photo/camera"
	},
	"elements": [
		{
			"from": [
				6.758333333333333,
				6.0029822011487575,
				6.675000000000001
			],
			"to": [
				9.258333333333333,
				8.002982201148757,
				7.675000000000001
			],
			"rotation": {
				"angle": 0,
				"axis": "y",
				"origin": [
					8.008333333333333,
					6.0029822011487575,
					7.675000000000001
				]
			},
			"faces": {
				"north": {
					"uv": [
						2,
						8,
						4.5,
						10
					],
					"texture": "#1"
				},
				"east": {
					"uv": [
						7,
						9,
						8,
						11
					],
					"texture": "#1"
				},
				"south": {
					"uv": [
						8,
						4,
						10.5,
						6
					],
					"texture": "#1"
				},
				"west": {
					"uv": [
						8,
						9,
						9,
						11
					],
					"texture": "#1"
				},
				"up": {
					"uv": [
						7.5,
						9,
						5,
						8
					],
					"texture": "#1"
				},
				"down": {
					"uv": [
						10.5,
						6,
						8,
						7
					],
					"texture": "#1"
				}
			}
		},
		{
			"from": [
				5.258333333333333,
				5.0029822011487575,
				7.675000000000001
			],
			"to": [
				11.258333333333333,
				9.002982201148757,
				9.675
			],
			"rotation": {
				"angle": 0,
				"axis": "y",
				"origin": [
					8.258333333333333,
					7.0029822011487575,
					8.675
				]
			},
			"faces": {
				"north": {
					"uv": [
						0,
						0,
						6,
						4
					],
					"texture": "#1"
				},
				"east": {
					"uv": [
						6,
						4,
						8,
						8
					],
					"texture": "#1"
				},
				"south": {
					"uv": [
						0,
						4,
						6,
						8
					],
					"texture": "#1"
				},
				"west": {
					"uv": [
						0,
						8,
						2,
						12
					],
					"texture": "#1"
				},
				"up": {
					"uv": [
						12,
						2,
						6,
						0
					],
					"texture": "#1"
				},
				"down": {
					"uv": [
						12,
						2,
						6,
						4
					],
					"texture": "#1"
				}
			}
		},
		{
			"from": [
				6.018333333333333,
				8.50298220114875,
				7.874999999999999
			],
			"to": [
				7.248333333333333,
				9.50298220114875,
				8.875
			],
			"rotation": {
				"angle": 45,
				"axis": "x",
				"origin": [
					6.758333333333333,
					9.00298220114875,
					8.375
				]
			},
			"faces": {
				"north": {
					"uv": [
						9,
						9,
						10.25,
						10
					],
					"texture": "#1"
				},
				"east": {
					"uv": [
						10,
						10,
						11,
						11
					],
					"texture": "#1"
				},
				"south": {
					"uv": [
						2,
						10,
						3.25,
						11
					],
					"texture": "#1"
				},
				"west": {
					"uv": [
						2,
						11,
						3,
						12
					],
					"texture": "#1"
				},
				"up": {
					"uv": [
						11.25,
						8,
						10,
						7
					],
					"texture": "#1"
				},
				"down": {
					"uv": [
						11.25,
						8,
						10,
						9
					],
					"texture": "#1"
				}
			}
		},
		{
			"from": [
				6.008333333333333,
				9.010088994256225,
				7.674999999999999
			],
			"to": [
				7.258333333333333,
				9.710088994256225,
				8.375
			],
			"rotation": {
				"angle": 0,
				"axis": "y",
				"origin": [
					6.258333333333333,
					9.010088994256225,
					7.374999999999999
				]
			},
			"faces": {
				"north": {
					"uv": [
						11,
						4,
						12.25,
						4.75
					],
					"texture": "#1"
				},
				"east": {
					"uv": [
						8,
						11,
						8.75,
						11.75
					],
					"texture": "#1"
				},
				"south": {
					"uv": [
						5,
						11,
						6.25,
						11.75
					],
					"texture": "#1"
				},
				"west": {
					"uv": [
						11,
						9,
						11.75,
						9.75
					],
					"texture": "#1"
				},
				"up": {
					"uv": [
						12.25,
						5.75,
						11,
						5
					],
					"texture": "#1"
				},
				"down": {
					"uv": [
						12.25,
						6,
						11,
						6.75
					],
					"texture": "#1"
				}
			}
		},
		{
			"from": [
				7.208333333333333,
				6.2529822011487575,
				6.475000000000001
			],
			"to": [
				8.708333333333334,
				7.7529822011487575,
				6.675000000000001
			],
			"rotation": {
				"angle": 0,
				"axis": "y",
				"origin": [
					7.958333333333333,
					7.0029822011487575,
					6.575000000000001
				]
			},
			"faces": {
				"north": {
					"uv": [
						8,
						7,
						9.5,
						8.5
					],
					"texture": "#1"
				},
				"east": {
					"uv": [
						11,
						11,
						11.25,
						12.5
					],
					"texture": "#1"
				},
				"south": {
					"uv": [
						5,
						9,
						6.5,
						10.5
					],
					"texture": "#1"
				},
				"west": {
					"uv": [
						0,
						12,
						0.25,
						13.5
					],
					"texture": "#1"
				},
				"up": {
					"uv": [
						13.5,
						0.25,
						12,
						0
					],
					"texture": "#1"
				},
				"down": {
					"uv": [
						2.5,
						12,
						1,
						12.25
					],
					"texture": "#1"
				}
			}
		},
		{
			"from": [
				10.008333333333333,
				8.002982201148757,
				8.925
			],
			"to": [
				11.008333333333333,
				9.252982201148757,
				9.425
			],
			"rotation": {
				"angle": 0,
				"axis": "y",
				"origin": [
					10.008333333333333,
					8.002982201148757,
					8.925
				]
			},
			"faces": {
				"north": {
					"uv": [
						4,
						10,
						5,
						11.25
					],
					"texture": "#1"
				},
				"east": {
					"uv": [
						3,
						11,
						3.5,
						12.25
					],
					"texture": "#1"
				},
				"south": {
					"uv": [
						9,
						10,
						10,
						11.25
					],
					"texture": "#1"
				},
				"west": {
					"uv": [
						7,
						11,
						7.5,
						12.25
					],
					"texture": "#1"
				},
				"up": {
					"uv": [
						11,
						11.5,
						10,
						11
					],
					"texture": "#1"
				},
				"down": {
					"uv": [
						12,
						10,
						11,
						10.5
					],
					"texture": "#1"
				}
			}
		}
	],
	"display": {
		"head": {
			"rotation": [
				0,
				180,
				0
			]
		}
	}
}