{
	"textures": {
		"0": "animated_java:item/photo/paizhao"
	},
	"elements": [
		{
			"from": [
				7,
				-2,
				6
			],
			"to": [
				10,
				10,
				10
			],
			"faces": {
				"north": {
					"uv": [
						11,
						5,
						11.75,
						8
					],
					"texture": "#0"
				},
				"east": {
					"uv": [
						10,
						5,
						11,
						8
					],
					"texture": "#0"
				},
				"south": {
					"uv": [
						12.75,
						5,
						13.5,
						8
					],
					"texture": "#0"
				},
				"west": {
					"uv": [
						11.75,
						5,
						12.75,
						8
					],
					"texture": "#0"
				},
				"up": {
					"uv": [
						11.75,
						5,
						11,
						4
					],
					"texture": "#0"
				},
				"down": {
					"uv": [
						12.5,
						4,
						11.75,
						5
					],
					"texture": "#0"
				}
			}
		},
		{
			"from": [
				6.75,
				-2.25,
				5.75
			],
			"to": [
				10.25,
				10.25,
				10.25
			],
			"faces": {
				"north": {
					"uv": [
						11,
						9,
						11.75,
						12
					],
					"texture": "#0"
				},
				"east": {
					"uv": [
						10,
						9,
						11,
						12
					],
					"texture": "#0"
				},
				"south": {
					"uv": [
						12.75,
						9,
						13.5,
						12
					],
					"texture": "#0"
				},
				"west": {
					"uv": [
						11.75,
						9,
						12.75,
						12
					],
					"texture": "#0"
				},
				"up": {
					"uv": [
						11.75,
						9,
						11,
						8
					],
					"texture": "#0"
				},
				"down": {
					"uv": [
						12.5,
						8,
						11.75,
						9
					],
					"texture": "#0"
				}
			}
		}
	],
	"display": {
		"head": {
			"rotation": [
				0,
				180,
				0
			]
		}
	}
}