{
	"textures": {
		"0": "animated_java:item/study/study"
	},
	"elements": [
		{
			"from": [
				4.217316567634911,
				5.621405384897486,
				8.240920567390896
			],
			"to": [
				7.717316567634911,
				10.621405384897486,
				8.240920567390896
			],
			"rotation": {
				"angle": -45,
				"axis": "y",
				"origin": [
					5.217316567634911,
					8.121405384897486,
					8.240920567390896
				]
			},
			"faces": {
				"north": {
					"uv": [
						6.25,
						0.25,
						7.625,
						2
					],
					"texture": "#0"
				},
				"east": {
					"uv": [
						0,
						0,
						0,
						1.25
					],
					"texture": "#0"
				},
				"south": {
					"uv": [
						6.25,
						0.25,
						7.625,
						2
					],
					"texture": "#0"
				},
				"west": {
					"uv": [
						0,
						0,
						0,
						1.25
					],
					"texture": "#0"
				},
				"up": {
					"uv": [
						0,
						0,
						0.875,
						0
					],
					"texture": "#0"
				},
				"down": {
					"uv": [
						0,
						0,
						0.875,
						0
					],
					"texture": "#0"
				}
			}
		},
		{
			"from": [
				1.2955181300451466,
				5.621405384897486,
				8.240920567390896
			],
			"to": [
				4.7955181300451475,
				10.621405384897486,
				8.240920567390896
			],
			"rotation": {
				"angle": 45,
				"axis": "y",
				"origin": [
					3.7955181300451475,
					8.121405384897486,
					8.240920567390896
				]
			},
			"faces": {
				"north": {
					"uv": [
						6.25,
						0.25,
						7.625,
						2
					],
					"texture": "#0"
				},
				"east": {
					"uv": [
						0,
						0,
						0,
						1.25
					],
					"texture": "#0"
				},
				"south": {
					"uv": [
						6.25,
						0.25,
						7.625,
						2
					],
					"texture": "#0"
				},
				"west": {
					"uv": [
						0,
						0,
						0,
						1.25
					],
					"texture": "#0"
				},
				"up": {
					"uv": [
						0.875,
						0,
						1.7500000000000002,
						0
					],
					"texture": "#0"
				},
				"down": {
					"uv": [
						0.875,
						0,
						1.7500000000000002,
						0
					],
					"texture": "#0"
				}
			}
		},
		{
			"from": [
				0.9588038998538035,
				5.621405384897484,
				6.723603999755987
			],
			"to": [
				4.9588038998538035,
				10.621405384897486,
				7.723603999755987
			],
			"rotation": {
				"angle": 22.5,
				"axis": "y",
				"origin": [
					3.9588038998538035,
					7.621405384897486,
					7.723603999755987
				]
			},
			"faces": {
				"north": {
					"uv": [
						7.75,
						0.25,
						9.25,
						2
					],
					"texture": "#0"
				},
				"east": {
					"uv": [
						0,
						0,
						0.25,
						1.25
					],
					"texture": "#0"
				},
				"south": {
					"uv": [
						6.25,
						0.25,
						7.75,
						2
					],
					"texture": "#0"
				},
				"west": {
					"uv": [
						8.25,
						0.25,
						8.5,
						1.5
					],
					"texture": "#0"
				},
				"up": {
					"uv": [
						8,
						0.75,
						9,
						1
					],
					"texture": "#0"
				},
				"down": {
					"uv": [
						8,
						1,
						9,
						1.25
					],
					"texture": "#0"
				}
			}
		},
		{
			"from": [
				4.156417348840029,
				5.621405384897484,
				7.144347665865432
			],
			"to": [
				8.15641734884003,
				10.621405384897486,
				8.144347665865432
			],
			"rotation": {
				"angle": -22.5,
				"axis": "y",
				"origin": [
					6.156417348840029,
					8.121405384897486,
					7.644347665865432
				]
			},
			"faces": {
				"north": {
					"uv": [
						7.75,
						0.25,
						9.25,
						2
					],
					"texture": "#0"
				},
				"east": {
					"uv": [
						8.25,
						0.5,
						8.5,
						1.75
					],
					"texture": "#0"
				},
				"south": {
					"uv": [
						6.25,
						0.25,
						7.75,
						2
					],
					"texture": "#0"
				},
				"west": {
					"uv": [
						0,
						0,
						0.25,
						1.25
					],
					"texture": "#0"
				},
				"up": {
					"uv": [
						8,
						0.5,
						9,
						1.25
					],
					"texture": "#0"
				},
				"down": {
					"uv": [
						8,
						0.75,
						9,
						1
					],
					"texture": "#0"
				}
			}
		}
	],
	"display": {
		"head": {
			"rotation": [
				0,
				180,
				0
			]
		}
	}
}