{
	"textures": {
		"0": "animated_java:item/study/study"
	},
	"elements": [
		{
			"from": [
				3.5999999999999996,
				7.899999999999999,
				3.5
			],
			"to": [
				12.4,
				16.4,
				12.3
			],
			"rotation": {
				"angle": 0,
				"axis": "y",
				"origin": [
					8.1,
					-16.1,
					8
				]
			},
			"faces": {
				"north": {
					"uv": [
						10,
						2,
						12,
						4
					],
					"texture": "#0"
				},
				"east": {
					"uv": [
						8,
						2,
						10,
						4
					],
					"texture": "#0"
				},
				"south": {
					"uv": [
						14,
						2,
						16,
						4
					],
					"texture": "#0"
				},
				"west": {
					"uv": [
						12,
						2,
						14,
						4
					],
					"texture": "#0"
				},
				"up": {
					"uv": [
						12,
						2,
						10,
						0
					],
					"texture": "#0"
				},
				"down": {
					"uv": [
						14,
						0,
						12,
						2
					],
					"texture": "#0"
				}
			}
		},
		{
			"from": [
				3.75,
				7.75,
				3.75
			],
			"to": [
				12.25,
				16.25,
				12.25
			],
			"faces": {
				"north": {
					"uv": [
						2,
						2,
						4,
						4
					],
					"texture": "#0"
				},
				"east": {
					"uv": [
						0,
						2,
						2,
						4
					],
					"texture": "#0"
				},
				"south": {
					"uv": [
						6,
						2,
						8,
						4
					],
					"texture": "#0"
				},
				"west": {
					"uv": [
						4,
						2,
						6,
						4
					],
					"texture": "#0"
				},
				"up": {
					"uv": [
						4,
						2,
						2,
						0
					],
					"texture": "#0"
				},
				"down": {
					"uv": [
						6,
						0,
						4,
						2
					],
					"texture": "#0"
				}
			}
		}
	],
	"display": {
		"head": {
			"rotation": [
				0,
				180,
				0
			]
		}
	}
}