{
	"credit": "Made by @vexxel with Blockbench - https://github.com/vexxel",
	"parent": "firmalife:block/pumping_station",
	"textures": {
		"0": "firmalife:block/devices/irrigation/pumping_station_axle",
		"1": "firmalife:block/devices/irrigation/pumping_station_side",
		"4": "firmalife:block/devices/irrigation/pumping_station_ud",
		"particle": "firmalife:block/devices/irrigation/pumping_station_axle"
	},
	"elements": [
		{
			"from": [0, 0, 0],
			"to": [16, 16, 16],
			"faces": {
				"north": {"uv": [0, 0, 16, 16], "texture": "#0"},
				"east": {"uv": [0, 0, 16, 16], "texture": "#1"},
				"south": {"uv": [0, 0, 16, 16], "texture": "#1"},
				"west": {"uv": [0, 0, 16, 16], "texture": "#1"},
				"up": {"uv": [0, 0, 16, 16], "texture": "#4"},
				"down": {"uv": [0, 0, 16, 16], "texture": "#4"}
			}
		}
	],
	"__comment__": "This file was automatically created by mcresources"
}