{
	"textures": {
		"0": "animated_java:item/auto_door/autodoor"
	},
	"elements": [
		{
			"from": [
				8,
				8,
				7.333333333333333
			],
			"to": [
				20,
				32,
				8.666666666666666
			],
			"rotation": {
				"angle": 0,
				"axis": "y",
				"origin": [
					9.333333333333334,
					8,
					8
				]
			},
			"faces": {
				"north": {
					"uv": [
						0,
						0,
						2.25,
						4.5
					],
					"texture": "#0"
				},
				"east": {
					"uv": [
						0,
						4.5,
						0.25,
						9
					],
					"texture": "#0"
				},
				"south": {
					"uv": [
						2.25,
						0,
						0,
						4.5
					],
					"texture": "#0"
				},
				"west": {
					"uv": [
						2,
						0,
						2.25,
						4.5
					],
					"texture": "#0"
				},
				"up": {
					"uv": [
						2.25,
						0.25,
						0,
						0
					],
					"texture": "#0"
				},
				"down": {
					"uv": [
						2.25,
						4.25,
						0,
						4.5
					],
					"texture": "#0"
				}
			}
		}
	],
	"display": {
		"head": {
			"rotation": [
				0,
				180,
				0
			]
		}
	}
}