{
	"textures": {
		"0": "animated_java:item/title/terrafirmacraft"
	},
	"elements": [
		{
			"from": [
				25.454545454545453,
				8.436363636363636,
				5.6
			],
			"to": [
				31.563636363636363,
				17.163636363636364,
				10.4
			],
			"faces": {
				"north": {
					"uv": [
						0.48,
						1.1,
						0.928,
						3.1
					],
					"texture": "#0"
				},
				"south": {
					"uv": [
						0.928,
						1.1,
						0.48,
						3.1
					],
					"texture": "#0"
				},
				"up": {
					"uv": [
						0.928,
						1.1,
						0.48,
						0
					],
					"texture": "#0"
				},
				"down": {
					"uv": [
						0.928,
						4.2,
						0.48,
						3.1
					],
					"texture": "#0"
				}
			}
		},
		{
			"from": [
				32,
				17.6,
				10.836363636363636
			],
			"to": [
				25.018181818181816,
				8,
				5.163636363636364
			],
			"faces": {
				"north": {
					"uv": [
						0,
						13.3,
						0.016,
						13.35
					],
					"texture": "#0"
				},
				"east": {
					"uv": [
						0,
						13.3,
						0.016,
						13.35
					],
					"texture": "#0"
				},
				"south": {
					"uv": [
						0,
						13.3,
						0.016,
						13.35
					],
					"texture": "#0"
				},
				"west": {
					"uv": [
						0,
						13.3,
						0.016,
						13.35
					],
					"texture": "#0"
				},
				"up": {
					"uv": [
						0,
						13.3,
						0.016,
						13.35
					],
					"texture": "#0"
				},
				"down": {
					"uv": [
						0,
						13.3,
						0.016,
						13.35
					],
					"texture": "#0"
				}
			}
		}
	],
	"display": {
		"head": {
			"rotation": [
				0,
				180,
				0
			]
		}
	}
}