{
	"textures": {
		"0": "animated_java:item/title/terrafirmacraft"
	},
	"elements": [
		{
			"from": [
				-15.384615384615387,
				8.615384615384615,
				4.615384615384615
			],
			"to": [
				-6.76923076923077,
				20.923076923076923,
				11.384615384615385
			],
			"faces": {
				"north": {
					"uv": [
						0.48,
						1.1,
						0.928,
						3.1
					],
					"texture": "#0"
				},
				"east": {
					"uv": [
						0,
						0,
						0,
						0
					],
					"texture": "#0"
				},
				"south": {
					"uv": [
						0.928,
						1.1,
						0.48,
						3.1
					],
					"texture": "#0"
				},
				"west": {
					"uv": [
						0,
						0,
						0,
						0
					],
					"texture": "#0"
				},
				"up": {
					"uv": [
						0.928,
						1.1,
						0.48,
						0
					],
					"texture": "#0"
				},
				"down": {
					"uv": [
						0.928,
						4.2,
						0.48,
						3.1
					],
					"texture": "#0"
				}
			}
		},
		{
			"from": [
				-6.153846153846155,
				21.53846153846154,
				12
			],
			"to": [
				-16,
				8,
				4
			],
			"faces": {
				"north": {
					"uv": [
						0,
						13.3,
						0.016,
						13.35
					],
					"texture": "#0"
				},
				"east": {
					"uv": [
						0,
						13.3,
						0.016,
						13.35
					],
					"texture": "#0"
				},
				"south": {
					"uv": [
						0,
						13.3,
						0.016,
						13.35
					],
					"texture": "#0"
				},
				"west": {
					"uv": [
						0,
						13.3,
						0.016,
						13.35
					],
					"texture": "#0"
				},
				"up": {
					"uv": [
						0,
						13.3,
						0.016,
						13.35
					],
					"texture": "#0"
				},
				"down": {
					"uv": [
						0,
						13.3,
						0.016,
						13.35
					],
					"texture": "#0"
				}
			}
		}
	],
	"display": {
		"head": {
			"rotation": [
				0,
				180,
				0
			]
		}
	}
}