{
	"textures": {
		"0": "animated_java:item/title/terrafirmacraft"
	},
	"elements": [
		{
			"from": [
				-11.636363636363633,
				9.09090909090909,
				2
			],
			"to": [
				3.6363636363636367,
				30.909090909090907,
				14
			],
			"rotation": {
				"angle": 0,
				"axis": "y",
				"origin": [
					8,
					8,
					8
				]
			},
			"faces": {
				"north": {
					"uv": [
						0.48,
						1.1,
						0.928,
						3.1
					],
					"texture": "#0"
				},
				"south": {
					"uv": [
						0.928,
						1.1,
						0.48,
						3.1
					],
					"texture": "#0"
				},
				"up": {
					"uv": [
						0.928,
						1.1,
						0.48,
						0
					],
					"texture": "#0"
				},
				"down": {
					"uv": [
						0.928,
						4.2,
						0.48,
						3.1
					],
					"texture": "#0"
				}
			}
		},
		{
			"from": [
				4.7272727272727275,
				32,
				15.09090909090909
			],
			"to": [
				-12.727272727272727,
				8,
				0.9090909090909101
			],
			"rotation": {
				"angle": 0,
				"axis": "y",
				"origin": [
					8,
					8,
					8
				]
			},
			"faces": {
				"north": {
					"uv": [
						0,
						13.3,
						0.016,
						13.35
					],
					"texture": "#0"
				},
				"east": {
					"uv": [
						0,
						13.3,
						0.016,
						13.35
					],
					"texture": "#0"
				},
				"south": {
					"uv": [
						0,
						13.3,
						0.016,
						13.35
					],
					"texture": "#0"
				},
				"west": {
					"uv": [
						0,
						13.3,
						0.016,
						13.35
					],
					"texture": "#0"
				},
				"up": {
					"uv": [
						0,
						13.3,
						0.016,
						13.35
					],
					"texture": "#0"
				},
				"down": {
					"uv": [
						0,
						13.3,
						0.016,
						13.35
					],
					"texture": "#0"
				}
			}
		}
	],
	"display": {
		"head": {
			"rotation": [
				0,
				180,
				0
			]
		}
	}
}