{
	"textures": {
		"0": "animated_java:item/title/terrafirmacraft"
	},
	"elements": [
		{
			"from": [
				-15.563636363636363,
				8.436363636363636,
				5.6
			],
			"to": [
				-9.454545454545453,
				17.163636363636364,
				10.4
			],
			"faces": {
				"north": {
					"uv": [
						1.44,
						1.1,
						1.888,
						3.1
					],
					"texture": "#0"
				},
				"south": {
					"uv": [
						1.888,
						1.1,
						1.44,
						3.1
					],
					"texture": "#0"
				},
				"up": {
					"uv": [
						1.888,
						1.1,
						1.44,
						0
					],
					"texture": "#0"
				},
				"down": {
					"uv": [
						1.888,
						4.2,
						1.44,
						3.1
					],
					"texture": "#0"
				}
			}
		},
		{
			"from": [
				-16,
				10.618181818181817,
				5.163636363636364
			],
			"to": [
				-12.509090909090908,
				14.98181818181818,
				10.836363636363636
			],
			"faces": {
				"east": {
					"uv": [
						0.016,
						13.3,
						0,
						13.35
					],
					"texture": "#0"
				},
				"up": {
					"uv": [
						0.016,
						13.3,
						0,
						13.35
					],
					"texture": "#0"
				},
				"down": {
					"uv": [
						0.016,
						13.3,
						0,
						13.35
					],
					"texture": "#0"
				}
			}
		},
		{
			"from": [
				-9.018181818181816,
				17.6,
				10.836363636363636
			],
			"to": [
				-16,
				8,
				5.163636363636364
			],
			"faces": {
				"north": {
					"uv": [
						0.032,
						13.3,
						0,
						13.85
					],
					"texture": "#0"
				},
				"east": {
					"uv": [
						0.032,
						13.3,
						0.016,
						13.85
					],
					"texture": "#0"
				},
				"south": {
					"uv": [
						0,
						13.3,
						0.032,
						13.85
					],
					"texture": "#0"
				},
				"west": {
					"uv": [
						0,
						13.3,
						0.016,
						13.35
					],
					"texture": "#0"
				},
				"up": {
					"uv": [
						0,
						13.3,
						0.016,
						13.35
					],
					"texture": "#0"
				},
				"down": {
					"uv": [
						0,
						13.3,
						0.016,
						13.35
					],
					"texture": "#0"
				}
			}
		}
	],
	"display": {
		"head": {
			"rotation": [
				0,
				180,
				0
			]
		}
	}
}