{
	"textures": {
		"0": "animated_java:item/title/terrafirmacraft"
	},
	"elements": [
		{
			"from": [
				21.714285714285715,
				8.685714285714285,
				4.228571428571429
			],
			"to": [
				31.314285714285713,
				22.4,
				11.771428571428572
			],
			"rotation": {
				"angle": 0,
				"axis": "y",
				"origin": [
					8,
					8,
					8
				]
			},
			"faces": {
				"north": {
					"uv": [
						2.4,
						1.1,
						2.848,
						3.1
					],
					"texture": "#0"
				},
				"south": {
					"uv": [
						2.848,
						1.1,
						2.4,
						3.1
					],
					"texture": "#0"
				},
				"up": {
					"uv": [
						2.848,
						1.1,
						2.4,
						0
					],
					"texture": "#0"
				},
				"down": {
					"uv": [
						2.848,
						4.2,
						2.4,
						3.1
					],
					"texture": "#0"
				}
			}
		},
		{
			"from": [
				21.02857142857143,
				17.6,
				3.5428571428571427
			],
			"to": [
				26.514285714285716,
				18.97142857142857,
				12.457142857142857
			],
			"rotation": {
				"angle": 0,
				"axis": "y",
				"origin": [
					8,
					8,
					8
				]
			},
			"faces": {
				"east": {
					"uv": [
						0,
						13.3,
						0.016,
						13.35
					],
					"texture": "#0"
				},
				"up": {
					"uv": [
						0,
						13.3,
						0.016,
						13.35
					],
					"texture": "#0"
				},
				"down": {
					"uv": [
						0,
						13.3,
						0.016,
						13.35
					],
					"texture": "#0"
				}
			}
		},
		{
			"from": [
				21.02857142857143,
				12.114285714285714,
				3.5428571428571427
			],
			"to": [
				26.514285714285716,
				13.485714285714286,
				12.457142857142857
			],
			"rotation": {
				"angle": 0,
				"axis": "y",
				"origin": [
					8,
					8,
					8
				]
			},
			"faces": {
				"east": {
					"uv": [
						0,
						13.3,
						0.016,
						13.35
					],
					"texture": "#0"
				},
				"up": {
					"uv": [
						0,
						13.3,
						0.016,
						13.35
					],
					"texture": "#0"
				},
				"down": {
					"uv": [
						0,
						13.3,
						0.016,
						13.35
					],
					"texture": "#0"
				}
			}
		},
		{
			"from": [
				32,
				23.085714285714285,
				12.457142857142857
			],
			"to": [
				21.02857142857143,
				8,
				3.5428571428571427
			],
			"rotation": {
				"angle": 0,
				"axis": "y",
				"origin": [
					8,
					8,
					8
				]
			},
			"faces": {
				"north": {
					"uv": [
						0.048,
						13.3,
						0.08,
						13.85
					],
					"texture": "#0"
				},
				"east": {
					"uv": [
						0.064,
						13.3,
						0.048,
						13.85
					],
					"texture": "#0"
				},
				"south": {
					"uv": [
						0.08,
						13.3,
						0.048,
						13.85
					],
					"texture": "#0"
				},
				"west": {
					"uv": [
						0,
						13.3,
						0.016,
						13.35
					],
					"texture": "#0"
				},
				"up": {
					"uv": [
						0,
						13.3,
						0.016,
						13.35
					],
					"texture": "#0"
				},
				"down": {
					"uv": [
						0,
						13.3,
						0.016,
						13.35
					],
					"texture": "#0"
				}
			}
		}
	],
	"display": {
		"head": {
			"rotation": [
				0,
				180,
				0
			]
		}
	}
}