{
	"textures": {
		"0": "animated_java:item/title/terrafirmacraft"
	},
	"elements": [
		{
			"from": [
				-15.52941176470588,
				8.470588235294118,
				5.411764705882353
			],
			"to": [
				-8.941176470588236,
				17.88235294117647,
				10.588235294117647
			],
			"rotation": {
				"angle": 0,
				"axis": "y",
				"origin": [
					8,
					8,
					8
				]
			},
			"faces": {
				"north": {
					"uv": [
						2.4,
						1.1,
						2.848,
						3.1
					],
					"texture": "#0"
				},
				"south": {
					"uv": [
						2.848,
						1.1,
						2.4,
						3.1
					],
					"texture": "#0"
				},
				"up": {
					"uv": [
						2.848,
						1.1,
						2.4,
						0
					],
					"texture": "#0"
				},
				"down": {
					"uv": [
						2.848,
						4.2,
						2.4,
						3.1
					],
					"texture": "#0"
				}
			}
		},
		{
			"from": [
				-16,
				14.588235294117647,
				4.9411764705882355
			],
			"to": [
				-12.235294117647058,
				15.529411764705882,
				11.058823529411764
			],
			"rotation": {
				"angle": 0,
				"axis": "y",
				"origin": [
					8,
					8,
					8
				]
			},
			"faces": {
				"east": {
					"uv": [
						0,
						13.3,
						0.016,
						13.35
					],
					"texture": "#0"
				},
				"up": {
					"uv": [
						0,
						13.3,
						0.016,
						13.35
					],
					"texture": "#0"
				},
				"down": {
					"uv": [
						0,
						13.3,
						0.016,
						13.35
					],
					"texture": "#0"
				}
			}
		},
		{
			"from": [
				-16,
				10.823529411764707,
				4.9411764705882355
			],
			"to": [
				-12.235294117647058,
				11.764705882352942,
				11.058823529411764
			],
			"rotation": {
				"angle": 0,
				"axis": "y",
				"origin": [
					8,
					8,
					8
				]
			},
			"faces": {
				"east": {
					"uv": [
						0,
						13.3,
						0.016,
						13.35
					],
					"texture": "#0"
				},
				"up": {
					"uv": [
						0,
						13.3,
						0.016,
						13.35
					],
					"texture": "#0"
				},
				"down": {
					"uv": [
						0,
						13.3,
						0.016,
						13.35
					],
					"texture": "#0"
				}
			}
		},
		{
			"from": [
				-8.470588235294116,
				18.352941176470587,
				11.058823529411764
			],
			"to": [
				-16,
				8,
				4.9411764705882355
			],
			"rotation": {
				"angle": 0,
				"axis": "y",
				"origin": [
					8,
					8,
					8
				]
			},
			"faces": {
				"north": {
					"uv": [
						0.048,
						13.3,
						0.08,
						13.85
					],
					"texture": "#0"
				},
				"east": {
					"uv": [
						0.064,
						13.3,
						0.048,
						13.85
					],
					"texture": "#0"
				},
				"south": {
					"uv": [
						0.08,
						13.3,
						0.048,
						13.85
					],
					"texture": "#0"
				},
				"west": {
					"uv": [
						0,
						13.3,
						0.016,
						13.35
					],
					"texture": "#0"
				},
				"up": {
					"uv": [
						0,
						13.3,
						0.016,
						13.35
					],
					"texture": "#0"
				},
				"down": {
					"uv": [
						0,
						13.3,
						0.016,
						13.35
					],
					"texture": "#0"
				}
			}
		}
	],
	"display": {
		"head": {
			"rotation": [
				0,
				180,
				0
			]
		}
	}
}