{
	"textures": {
		"0": "animated_java:item/title/terrafirmacraft"
	},
	"elements": [
		{
			"from": [
				22.76923076923077,
				8.615384615384615,
				4.615384615384615
			],
			"to": [
				31.384615384615387,
				20.923076923076923,
				11.384615384615385
			],
			"faces": {
				"north": {
					"uv": [
						2.88,
						1.1,
						3.328,
						3.1
					],
					"texture": "#0"
				},
				"south": {
					"uv": [
						3.328,
						1.1,
						2.88,
						3.1
					],
					"texture": "#0"
				},
				"up": {
					"uv": [
						3.328,
						1.1,
						2.88,
						0
					],
					"texture": "#0"
				},
				"down": {
					"uv": [
						3.328,
						4.2,
						2.88,
						3.1
					],
					"texture": "#0"
				}
			}
		},
		{
			"from": [
				22.153846153846153,
				16.615384615384617,
				4
			],
			"to": [
				27.076923076923077,
				17.846153846153847,
				12
			],
			"faces": {
				"east": {
					"uv": [
						0,
						13.3,
						0.016,
						13.35
					],
					"texture": "#0"
				},
				"up": {
					"uv": [
						0,
						13.3,
						0.016,
						13.35
					],
					"texture": "#0"
				},
				"down": {
					"uv": [
						0,
						13.3,
						0.016,
						13.35
					],
					"texture": "#0"
				}
			}
		},
		{
			"from": [
				22.153846153846153,
				8,
				4
			],
			"to": [
				27.076923076923077,
				12.923076923076923,
				12
			],
			"faces": {
				"east": {
					"uv": [
						0,
						13.3,
						0.016,
						13.35
					],
					"texture": "#0"
				},
				"up": {
					"uv": [
						0,
						13.3,
						0.016,
						13.35
					],
					"texture": "#0"
				}
			}
		},
		{
			"from": [
				32,
				21.53846153846154,
				12
			],
			"to": [
				22.153846153846153,
				8,
				4
			],
			"faces": {
				"north": {
					"uv": [
						0.096,
						13.85,
						0.064,
						13.3
					],
					"texture": "#0"
				},
				"east": {
					"uv": [
						0.096,
						13.85,
						0.08,
						13.3
					],
					"texture": "#0"
				},
				"south": {
					"uv": [
						0.064,
						13.85,
						0.096,
						13.3
					],
					"texture": "#0"
				},
				"west": {
					"uv": [
						0,
						13.3,
						0.016,
						13.35
					],
					"texture": "#0"
				},
				"up": {
					"uv": [
						0.016,
						13.35,
						0.048,
						13.4
					],
					"texture": "#0"
				},
				"down": {
					"uv": [
						0,
						13.3,
						0.016,
						13.35
					],
					"texture": "#0"
				}
			}
		}
	],
	"display": {
		"head": {
			"rotation": [
				0,
				180,
				0
			]
		}
	}
}