{
	"textures": {
		"0": "animated_java:item/title/terrafirmacraft"
	},
	"elements": [
		{
			"from": [
				-15.766990291262136,
				8.233009708737864,
				6.718446601941747
			],
			"to": [
				-12.50485436893204,
				12.893203883495147,
				9.281553398058252
			],
			"faces": {
				"north": {
					"uv": [
						2.88,
						1.1,
						3.328,
						3.1
					],
					"texture": "#0"
				},
				"south": {
					"uv": [
						3.328,
						1.1,
						2.88,
						3.1
					],
					"texture": "#0"
				},
				"up": {
					"uv": [
						3.328,
						1.1,
						2.88,
						0
					],
					"texture": "#0"
				},
				"down": {
					"uv": [
						3.328,
						4.2,
						2.88,
						3.1
					],
					"texture": "#0"
				}
			}
		},
		{
			"from": [
				-16,
				11.262135922330097,
				6.485436893203883
			],
			"to": [
				-14.135922330097088,
				11.728155339805825,
				9.514563106796116
			],
			"faces": {
				"east": {
					"uv": [
						0,
						13.3,
						0.016,
						13.35
					],
					"texture": "#0"
				},
				"up": {
					"uv": [
						0,
						13.3,
						0.016,
						13.35
					],
					"texture": "#0"
				},
				"down": {
					"uv": [
						0,
						13.3,
						0.016,
						13.35
					],
					"texture": "#0"
				}
			}
		},
		{
			"from": [
				-16,
				8,
				6.485436893203883
			],
			"to": [
				-14.135922330097088,
				9.864077669902912,
				9.514563106796116
			],
			"faces": {
				"east": {
					"uv": [
						0,
						13.3,
						0.016,
						13.35
					],
					"texture": "#0"
				},
				"up": {
					"uv": [
						0,
						13.3,
						0.016,
						13.35
					],
					"texture": "#0"
				}
			}
		},
		{
			"from": [
				-12.271844660194176,
				13.126213592233011,
				9.514563106796116
			],
			"to": [
				-16,
				8,
				6.485436893203883
			],
			"faces": {
				"north": {
					"uv": [
						0.096,
						13.85,
						0.064,
						13.3
					],
					"texture": "#0"
				},
				"east": {
					"uv": [
						0.096,
						13.85,
						0.08,
						13.3
					],
					"texture": "#0"
				},
				"south": {
					"uv": [
						0.064,
						13.85,
						0.096,
						13.3
					],
					"texture": "#0"
				},
				"west": {
					"uv": [
						0,
						13.3,
						0.016,
						13.35
					],
					"texture": "#0"
				},
				"up": {
					"uv": [
						0.016,
						13.35,
						0.048,
						13.4
					],
					"texture": "#0"
				},
				"down": {
					"uv": [
						0,
						13.3,
						0.016,
						13.35
					],
					"texture": "#0"
				}
			}
		}
	],
	"display": {
		"head": {
			"rotation": [
				0,
				180,
				0
			]
		}
	}
}