{
	"textures": {
		"0": "animated_java:item/title/terrafirmacraft"
	},
	"elements": [
		{
			"from": [
				24.695652173913043,
				9.043478260869565,
				2.2608695652173916
			],
			"to": [
				30.956521739130434,
				29.913043478260867,
				13.73913043478261
			],
			"faces": {
				"north": {
					"uv": [
						4.32,
						1.1,
						4.512,
						3.1
					],
					"texture": "#0"
				},
				"south": {
					"uv": [
						4.512,
						1.1,
						4.32,
						3.1
					],
					"texture": "#0"
				},
				"up": {
					"uv": [
						4.512,
						1.1,
						4.32,
						0
					],
					"texture": "#0"
				},
				"down": {
					"uv": [
						4.512,
						4.2,
						4.32,
						3.1
					],
					"texture": "#0"
				}
			}
		},
		{
			"from": [
				32,
				30.956521739130434,
				14.782608695652174
			],
			"to": [
				23.652173913043477,
				8,
				1.2173913043478262
			],
			"faces": {
				"north": {
					"uv": [
						0,
						13.3,
						0.016,
						13.35
					],
					"texture": "#0"
				},
				"east": {
					"uv": [
						0,
						13.3,
						0.016,
						13.35
					],
					"texture": "#0"
				},
				"south": {
					"uv": [
						0,
						13.3,
						0.016,
						13.35
					],
					"texture": "#0"
				},
				"west": {
					"uv": [
						0,
						13.3,
						0.016,
						13.35
					],
					"texture": "#0"
				},
				"up": {
					"uv": [
						0,
						13.3,
						0.016,
						13.35
					],
					"texture": "#0"
				},
				"down": {
					"uv": [
						0,
						13.3,
						0.016,
						13.35
					],
					"texture": "#0"
				}
			}
		}
	],
	"display": {
		"head": {
			"rotation": [
				0,
				180,
				0
			]
		}
	}
}