{
	"textures": {
		"0": "animated_java:item/title/terrafirmacraft"
	},
	"elements": [
		{
			"from": [
				-15.314285714285713,
				8.685714285714285,
				4.228571428571429
			],
			"to": [
				-5.714285714285715,
				22.4,
				11.771428571428572
			],
			"rotation": {
				"angle": 0,
				"axis": "y",
				"origin": [
					8,
					8,
					8
				]
			},
			"faces": {
				"north": {
					"uv": [
						5.024,
						1.1,
						5.472,
						3.1
					],
					"texture": "#0"
				},
				"south": {
					"uv": [
						5.472,
						1.1,
						5.024,
						3.1
					],
					"texture": "#0"
				},
				"up": {
					"uv": [
						5.472,
						1.1,
						5.024,
						0
					],
					"texture": "#0"
				},
				"down": {
					"uv": [
						5.472,
						4.2,
						5.024,
						3.1
					],
					"texture": "#0"
				}
			}
		},
		{
			"from": [
				-5.0285714285714285,
				23.085714285714285,
				12.457142857142857
			],
			"to": [
				-16,
				8,
				3.5428571428571427
			],
			"rotation": {
				"angle": 0,
				"axis": "y",
				"origin": [
					8,
					8,
					8
				]
			},
			"faces": {
				"north": {
					"uv": [
						0,
						13.3,
						0.016,
						13.35
					],
					"texture": "#0"
				},
				"east": {
					"uv": [
						0,
						13.3,
						0.016,
						13.35
					],
					"texture": "#0"
				},
				"south": {
					"uv": [
						0,
						13.3,
						0.016,
						13.35
					],
					"texture": "#0"
				},
				"west": {
					"uv": [
						0,
						13.3,
						0.016,
						13.35
					],
					"texture": "#0"
				},
				"up": {
					"uv": [
						0,
						13.3,
						0.016,
						13.35
					],
					"texture": "#0"
				},
				"down": {
					"uv": [
						0,
						13.3,
						0.016,
						13.35
					],
					"texture": "#0"
				}
			}
		}
	],
	"display": {
		"head": {
			"rotation": [
				0,
				180,
				0
			]
		}
	}
}