{
	"textures": {
		"0": "animated_java:item/title/terrafirmacraft"
	},
	"elements": [
		{
			"from": [
				-14.956521739130434,
				9.043478260869565,
				2.2608695652173916
			],
			"to": [
				5.913043478260869,
				29.913043478260867,
				13.73913043478261
			],
			"faces": {
				"north": {
					"uv": [
						5.92,
						1.1,
						6.56,
						3.1
					],
					"texture": "#0"
				},
				"east": {
					"uv": [
						0.032,
						13.4,
						0.048,
						13.3
					],
					"texture": "#0"
				},
				"south": {
					"uv": [
						6.56,
						1.1,
						5.92,
						3.1
					],
					"texture": "#0"
				},
				"west": {
					"uv": [
						0.032,
						13.4,
						0.048,
						13.3
					],
					"texture": "#0"
				},
				"up": {
					"uv": [
						6.56,
						1.1,
						5.92,
						0
					],
					"texture": "#0"
				},
				"down": {
					"uv": [
						6.56,
						4.2,
						5.92,
						3.1
					],
					"texture": "#0"
				}
			}
		},
		{
			"from": [
				-6.608695652173912,
				13.217391304347826,
				2.2608695652173916
			],
			"to": [
				-2.4347826086956523,
				13.217391304347826,
				13.73913043478261
			],
			"faces": {
				"down": {
					"uv": [
						6.72,
						4.2,
						6.592,
						3.1
					],
					"texture": "#0"
				}
			}
		},
		{
			"from": [
				-7.6521739130434785,
				26.782608695652172,
				1.2173913043478262
			],
			"to": [
				-1.391304347826086,
				30.956521739130434,
				14.782608695652174
			],
			"faces": {
				"east": {
					"uv": [
						0,
						13.3,
						0.016,
						13.35
					],
					"texture": "#0"
				},
				"west": {
					"uv": [
						0,
						13.3,
						0.016,
						13.35
					],
					"texture": "#0"
				},
				"down": {
					"uv": [
						0.016,
						13.35,
						0.064,
						13.4
					],
					"texture": "#0"
				}
			}
		},
		{
			"from": [
				-5.565217391304348,
				22.608695652173914,
				1.2173913043478262
			],
			"to": [
				-3.478260869565217,
				26.782608695652172,
				14.782608695652174
			],
			"faces": {
				"east": {
					"uv": [
						0,
						13.3,
						0.016,
						13.35
					],
					"texture": "#0"
				},
				"west": {
					"uv": [
						0,
						13.3,
						0.016,
						13.35
					],
					"texture": "#0"
				},
				"down": {
					"uv": [
						0,
						13.3,
						0.016,
						13.35
					],
					"texture": "#0"
				}
			}
		},
		{
			"from": [
				-7.6521739130434785,
				8,
				1.2173913043478262
			],
			"to": [
				-1.391304347826086,
				12.173913043478262,
				14.782608695652174
			],
			"faces": {
				"east": {
					"uv": [
						0,
						13.3,
						0.016,
						13.35
					],
					"texture": "#0"
				},
				"west": {
					"uv": [
						0,
						13.3,
						0.016,
						13.35
					],
					"texture": "#0"
				},
				"up": {
					"uv": [
						0,
						13.3,
						0.016,
						13.35
					],
					"texture": "#0"
				}
			}
		},
		{
			"from": [
				6.956521739130435,
				30.956521739130434,
				14.782608695652174
			],
			"to": [
				-16,
				8,
				1.2173913043478262
			],
			"faces": {
				"north": {
					"uv": [
						0.192,
						13.85,
						0.368,
						13.3
					],
					"texture": "#0"
				},
				"east": {
					"uv": [
						0,
						13.3,
						0.016,
						13.35
					],
					"texture": "#0"
				},
				"south": {
					"uv": [
						0.192,
						13.85,
						0.368,
						13.3
					],
					"texture": "#0"
				},
				"west": {
					"uv": [
						0,
						13.3,
						0.016,
						13.35
					],
					"texture": "#0"
				},
				"up": {
					"uv": [
						0.192,
						13.3,
						0.368,
						13.35
					],
					"texture": "#0"
				},
				"down": {
					"uv": [
						0.192,
						13.3,
						0.368,
						13.35
					],
					"texture": "#0"
				}
			}
		}
	],
	"display": {
		"head": {
			"rotation": [
				0,
				180,
				0
			]
		}
	}
}