{
	"textures": {
		"0": "animated_java:item/title/terrafirmacraft"
	},
	"elements": [
		{
			"from": [
				5.818181818181818,
				9.09090909090909,
				2
			],
			"to": [
				27.636363636363633,
				30.909090909090907,
				14
			],
			"rotation": {
				"angle": 0,
				"axis": "y",
				"origin": [
					8,
					8,
					8
				]
			},
			"faces": {
				"north": {
					"uv": [
						5.92,
						1.1,
						6.56,
						3.1
					],
					"texture": "#0"
				},
				"east": {
					"uv": [
						0.032,
						13.4,
						0.048,
						13.3
					],
					"texture": "#0"
				},
				"south": {
					"uv": [
						6.56,
						1.1,
						5.92,
						3.1
					],
					"texture": "#0"
				},
				"west": {
					"uv": [
						0.032,
						13.4,
						0.048,
						13.3
					],
					"texture": "#0"
				},
				"up": {
					"uv": [
						6.56,
						1.1,
						5.92,
						0
					],
					"texture": "#0"
				},
				"down": {
					"uv": [
						6.56,
						4.2,
						5.92,
						3.1
					],
					"texture": "#0"
				}
			}
		},
		{
			"from": [
				14.545454545454545,
				13.454545454545453,
				2
			],
			"to": [
				18.909090909090907,
				13.454545454545453,
				14
			],
			"rotation": {
				"angle": 0,
				"axis": "y",
				"origin": [
					8,
					8,
					8
				]
			},
			"faces": {
				"down": {
					"uv": [
						6.72,
						4.2,
						6.592,
						3.1
					],
					"texture": "#0"
				}
			}
		},
		{
			"from": [
				13.454545454545453,
				27.636363636363633,
				0.9090909090909101
			],
			"to": [
				20,
				32,
				15.09090909090909
			],
			"rotation": {
				"angle": 0,
				"axis": "y",
				"origin": [
					8,
					8,
					8
				]
			},
			"faces": {
				"east": {
					"uv": [
						0,
						13.3,
						0.016,
						13.35
					],
					"texture": "#0"
				},
				"west": {
					"uv": [
						0,
						13.3,
						0.016,
						13.35
					],
					"texture": "#0"
				},
				"down": {
					"uv": [
						0.016,
						13.35,
						0.064,
						13.4
					],
					"texture": "#0"
				}
			}
		},
		{
			"from": [
				15.636363636363637,
				23.272727272727273,
				0.9090909090909101
			],
			"to": [
				17.818181818181817,
				27.636363636363633,
				15.09090909090909
			],
			"rotation": {
				"angle": 0,
				"axis": "y",
				"origin": [
					8,
					8,
					8
				]
			},
			"faces": {
				"east": {
					"uv": [
						0,
						13.3,
						0.016,
						13.35
					],
					"texture": "#0"
				},
				"west": {
					"uv": [
						0,
						13.3,
						0.016,
						13.35
					],
					"texture": "#0"
				},
				"down": {
					"uv": [
						0,
						13.3,
						0.016,
						13.35
					],
					"texture": "#0"
				}
			}
		},
		{
			"from": [
				13.454545454545453,
				8,
				0.9090909090909101
			],
			"to": [
				20,
				12.363636363636363,
				15.09090909090909
			],
			"rotation": {
				"angle": 0,
				"axis": "y",
				"origin": [
					8,
					8,
					8
				]
			},
			"faces": {
				"east": {
					"uv": [
						0,
						13.3,
						0.016,
						13.35
					],
					"texture": "#0"
				},
				"west": {
					"uv": [
						0,
						13.3,
						0.016,
						13.35
					],
					"texture": "#0"
				},
				"up": {
					"uv": [
						0,
						13.3,
						0.016,
						13.35
					],
					"texture": "#0"
				}
			}
		},
		{
			"from": [
				28.727272727272727,
				32,
				15.09090909090909
			],
			"to": [
				4.7272727272727275,
				8,
				0.9090909090909101
			],
			"rotation": {
				"angle": 0,
				"axis": "y",
				"origin": [
					8,
					8,
					8
				]
			},
			"faces": {
				"north": {
					"uv": [
						0.192,
						13.85,
						0.368,
						13.3
					],
					"texture": "#0"
				},
				"east": {
					"uv": [
						0,
						13.3,
						0.016,
						13.35
					],
					"texture": "#0"
				},
				"south": {
					"uv": [
						0.192,
						13.85,
						0.368,
						13.3
					],
					"texture": "#0"
				},
				"west": {
					"uv": [
						0,
						13.3,
						0.016,
						13.35
					],
					"texture": "#0"
				},
				"up": {
					"uv": [
						0.192,
						13.3,
						0.368,
						13.35
					],
					"texture": "#0"
				},
				"down": {
					"uv": [
						0.192,
						13.3,
						0.368,
						13.35
					],
					"texture": "#0"
				}
			}
		}
	],
	"display": {
		"head": {
			"rotation": [
				0,
				180,
				0
			]
		}
	}
}