{
	"textures": {
		"0": "animated_java:item/title/terrafirmacraft"
	},
	"elements": [
		{
			"from": [
				27.862068965517242,
				8.275862068965518,
				6.482758620689655
			],
			"to": [
				31.724137931034484,
				13.793103448275861,
				9.517241379310345
			],
			"faces": {
				"north": {
					"uv": [
						8.8,
						1.1,
						9.248,
						3.1
					],
					"texture": "#0"
				},
				"south": {
					"uv": [
						9.248,
						1.1,
						8.8,
						3.1
					],
					"texture": "#0"
				},
				"up": {
					"uv": [
						9.248,
						1.1,
						8.8,
						0
					],
					"texture": "#0"
				},
				"down": {
					"uv": [
						9.248,
						4.2,
						8.8,
						3.1
					],
					"texture": "#0"
				}
			}
		},
		{
			"from": [
				32,
				14.068965517241379,
				9.793103448275861
			],
			"to": [
				27.586206896551722,
				8,
				6.206896551724138
			],
			"faces": {
				"north": {
					"uv": [
						0,
						13.3,
						0.016,
						13.35
					],
					"texture": "#0"
				},
				"east": {
					"uv": [
						0,
						13.3,
						0.016,
						13.35
					],
					"texture": "#0"
				},
				"south": {
					"uv": [
						0,
						13.3,
						0.016,
						13.35
					],
					"texture": "#0"
				},
				"west": {
					"uv": [
						0,
						13.3,
						0.016,
						13.35
					],
					"texture": "#0"
				},
				"up": {
					"uv": [
						0,
						13.3,
						0.016,
						13.35
					],
					"texture": "#0"
				},
				"down": {
					"uv": [
						0,
						13.3,
						0.016,
						13.35
					],
					"texture": "#0"
				}
			}
		}
	],
	"display": {
		"head": {
			"rotation": [
				0,
				180,
				0
			]
		}
	}
}