{
	"textures": {
		"0": "animated_java:item/title/terrafirmacraft"
	},
	"elements": [
		{
			"from": [
				8,
				9.09090909090909,
				2
			],
			"to": [
				23.272727272727273,
				30.909090909090907,
				14
			],
			"faces": {
				"north": {
					"uv": [
						8.8,
						1.1,
						9.248,
						3.1
					],
					"texture": "#0"
				},
				"south": {
					"uv": [
						9.248,
						1.1,
						8.8,
						3.1
					],
					"texture": "#0"
				},
				"up": {
					"uv": [
						9.248,
						1.1,
						8.8,
						0
					],
					"texture": "#0"
				},
				"down": {
					"uv": [
						9.248,
						4.2,
						8.8,
						3.1
					],
					"texture": "#0"
				}
			}
		},
		{
			"from": [
				24.363636363636363,
				32,
				15.09090909090909
			],
			"to": [
				6.909090909090909,
				8,
				0.9090909090909101
			],
			"faces": {
				"north": {
					"uv": [
						0,
						13.3,
						0.016,
						13.35
					],
					"texture": "#0"
				},
				"east": {
					"uv": [
						0,
						13.3,
						0.016,
						13.35
					],
					"texture": "#0"
				},
				"south": {
					"uv": [
						0,
						13.3,
						0.016,
						13.35
					],
					"texture": "#0"
				},
				"west": {
					"uv": [
						0,
						13.3,
						0.016,
						13.35
					],
					"texture": "#0"
				},
				"up": {
					"uv": [
						0,
						13.3,
						0.016,
						13.35
					],
					"texture": "#0"
				},
				"down": {
					"uv": [
						0,
						13.3,
						0.016,
						13.35
					],
					"texture": "#0"
				}
			}
		}
	],
	"display": {
		"head": {
			"rotation": [
				0,
				180,
				0
			]
		}
	}
}