{
	"textures": {
		"0": "animated_java:item/title/terrafirmacraft"
	},
	"elements": [
		{
			"from": [
				-15.661971830985916,
				8.338028169014084,
				6.140845070422535
			],
			"to": [
				-10.929577464788732,
				15.098591549295774,
				9.859154929577464
			],
			"faces": {
				"north": {
					"uv": [
						8.8,
						1.1,
						9.248,
						3.1
					],
					"texture": "#0"
				},
				"south": {
					"uv": [
						9.248,
						1.1,
						8.8,
						3.1
					],
					"texture": "#0"
				},
				"up": {
					"uv": [
						9.248,
						1.1,
						8.8,
						0
					],
					"texture": "#0"
				},
				"down": {
					"uv": [
						9.248,
						4.2,
						8.8,
						3.1
					],
					"texture": "#0"
				}
			}
		},
		{
			"from": [
				-10.591549295774648,
				15.43661971830986,
				10.197183098591548
			],
			"to": [
				-16,
				8,
				5.802816901408451
			],
			"faces": {
				"north": {
					"uv": [
						0,
						13.3,
						0.016,
						13.35
					],
					"texture": "#0"
				},
				"east": {
					"uv": [
						0,
						13.3,
						0.016,
						13.35
					],
					"texture": "#0"
				},
				"south": {
					"uv": [
						0,
						13.3,
						0.016,
						13.35
					],
					"texture": "#0"
				},
				"west": {
					"uv": [
						0,
						13.3,
						0.016,
						13.35
					],
					"texture": "#0"
				},
				"up": {
					"uv": [
						0,
						13.3,
						0.016,
						13.35
					],
					"texture": "#0"
				},
				"down": {
					"uv": [
						0,
						13.3,
						0.016,
						13.35
					],
					"texture": "#0"
				}
			}
		}
	],
	"display": {
		"head": {
			"rotation": [
				0,
				180,
				0
			]
		}
	}
}