{
	"textures": {
		"0": "animated_java:item/title/terrafirmacraft"
	},
	"elements": [
		{
			"from": [
				24.941176470588236,
				8.470588235294118,
				5.411764705882353
			],
			"to": [
				31.52941176470588,
				17.88235294117647,
				10.588235294117647
			],
			"rotation": {
				"angle": 0,
				"axis": "y",
				"origin": [
					8,
					8,
					8
				]
			},
			"faces": {
				"north": {
					"uv": [
						8.8,
						1.1,
						9.248,
						3.1
					],
					"texture": "#0"
				},
				"south": {
					"uv": [
						9.248,
						1.1,
						8.8,
						3.1
					],
					"texture": "#0"
				},
				"up": {
					"uv": [
						9.248,
						1.1,
						8.8,
						0
					],
					"texture": "#0"
				},
				"down": {
					"uv": [
						9.248,
						4.2,
						8.8,
						3.1
					],
					"texture": "#0"
				}
			}
		},
		{
			"from": [
				32,
				18.352941176470587,
				11.058823529411764
			],
			"to": [
				24.470588235294116,
				8,
				4.9411764705882355
			],
			"rotation": {
				"angle": 0,
				"axis": "y",
				"origin": [
					8,
					8,
					8
				]
			},
			"faces": {
				"north": {
					"uv": [
						0,
						13.3,
						0.016,
						13.35
					],
					"texture": "#0"
				},
				"east": {
					"uv": [
						0,
						13.3,
						0.016,
						13.35
					],
					"texture": "#0"
				},
				"south": {
					"uv": [
						0,
						13.3,
						0.016,
						13.35
					],
					"texture": "#0"
				},
				"west": {
					"uv": [
						0,
						13.3,
						0.016,
						13.35
					],
					"texture": "#0"
				},
				"up": {
					"uv": [
						0,
						13.3,
						0.016,
						13.35
					],
					"texture": "#0"
				},
				"down": {
					"uv": [
						0,
						13.3,
						0.016,
						13.35
					],
					"texture": "#0"
				}
			}
		}
	],
	"display": {
		"head": {
			"rotation": [
				0,
				180,
				0
			]
		}
	}
}