{
	"textures": {
		"0": "animated_java:item/title/terrafirmacraft"
	},
	"elements": [
		{
			"from": [
				28.974789915966387,
				8.201680672268907,
				6.890756302521009
			],
			"to": [
				31.798319327731093,
				12.235294117647058,
				9.109243697478991
			],
			"faces": {
				"north": {
					"uv": [
						9.76,
						1.1,
						10.208,
						3.1
					],
					"texture": "#0"
				},
				"south": {
					"uv": [
						10.208,
						1.1,
						9.76,
						3.1
					],
					"texture": "#0"
				},
				"up": {
					"uv": [
						10.208,
						1.1,
						9.76,
						0
					],
					"texture": "#0"
				},
				"down": {
					"uv": [
						10.208,
						4.2,
						9.76,
						3.1
					],
					"texture": "#0"
				}
			}
		},
		{
			"from": [
				31.19327731092437,
				8,
				6.689075630252101
			],
			"to": [
				32,
				11.22689075630252,
				9.3109243697479
			],
			"faces": {
				"west": {
					"uv": [
						0,
						13.3,
						0.016,
						13.35
					],
					"texture": "#0"
				},
				"up": {
					"uv": [
						0,
						13.3,
						0.016,
						13.35
					],
					"texture": "#0"
				}
			}
		},
		{
			"from": [
				28.77310924369748,
				8,
				6.689075630252101
			],
			"to": [
				29.57983193277311,
				11.22689075630252,
				9.3109243697479
			],
			"faces": {
				"east": {
					"uv": [
						0,
						13.3,
						0.016,
						13.35
					],
					"texture": "#0"
				},
				"up": {
					"uv": [
						0,
						13.3,
						0.016,
						13.35
					],
					"texture": "#0"
				}
			}
		},
		{
			"from": [
				32,
				12.436974789915967,
				9.3109243697479
			],
			"to": [
				28.77310924369748,
				8,
				6.689075630252101
			],
			"faces": {
				"north": {
					"uv": [
						0.032,
						14.4,
						0.096,
						13.85
					],
					"texture": "#0"
				},
				"east": {
					"uv": [
						0.032,
						14.4,
						0.048,
						13.85
					],
					"texture": "#0"
				},
				"south": {
					"uv": [
						0.032,
						14.4,
						0.096,
						13.85
					],
					"texture": "#0",
					"tintindex": 0
				},
				"west": {
					"uv": [
						0.032,
						14.4,
						0.048,
						13.85
					],
					"texture": "#0"
				},
				"up": {
					"uv": [
						0.032,
						14.4,
						0.096,
						14.35
					],
					"texture": "#0"
				},
				"down": {
					"uv": [
						0,
						13.3,
						0.016,
						13.35
					],
					"texture": "#0"
				}
			}
		}
	],
	"display": {
		"head": {
			"rotation": [
				0,
				180,
				0
			]
		}
	}
}