{
	"parent": "item/generated",
	"textures": {
		"layer0": "minecraft:item/oak_button"
	},
	"overrides": [
		{
			"predicate": {
				"custom_model_data": 1
			},
			"model": "item/animated_java_empty"
		},
		{
			"predicate": {
				"custom_model_data": 2
			},
			"model": "animated_java:item/test_npc/torso"
		},
		{
			"predicate": {
				"custom_model_data": 3
			},
			"model": "animated_java:item/test_npc/head"
		},
		{
			"predicate": {
				"custom_model_data": 4
			},
			"model": "animated_java:item/test_npc/right_arm"
		},
		{
			"predicate": {
				"custom_model_data": 5
			},
			"model": "animated_java:item/test_npc/left_arm"
		},
		{
			"predicate": {
				"custom_model_data": 6
			},
			"model": "animated_java:item/test_npc/right_leg"
		},
		{
			"predicate": {
				"custom_model_data": 7
			},
			"model": "animated_java:item/test_npc/left_leg"
		},
		{
			"predicate": {
				"custom_model_data": 8
			},
			"model": "animated_java:item/title/t"
		},
		{
			"predicate": {
				"custom_model_data": 9
			},
			"model": "animated_java:item/title/e"
		},
		{
			"predicate": {
				"custom_model_data": 10
			},
			"model": "animated_java:item/title/r"
		},
		{
			"predicate": {
				"custom_model_data": 11
			},
			"model": "animated_java:item/title/r2"
		},
		{
			"predicate": {
				"custom_model_data": 12
			},
			"model": "animated_java:item/title/a"
		},
		{
			"predicate": {
				"custom_model_data": 13
			},
			"model": "animated_java:item/title/f"
		},
		{
			"predicate": {
				"custom_model_data": 14
			},
			"model": "animated_java:item/title/i"
		},
		{
			"predicate": {
				"custom_model_data": 15
			},
			"model": "animated_java:item/title/r3"
		},
		{
			"predicate": {
				"custom_model_data": 16
			},
			"model": "animated_java:item/title/m"
		},
		{
			"predicate": {
				"custom_model_data": 17
			},
			"model": "animated_java:item/title/a2"
		},
		{
			"predicate": {
				"custom_model_data": 18
			},
			"model": "animated_java:item/title/c"
		},
		{
			"predicate": {
				"custom_model_data": 19
			},
			"model": "animated_java:item/title/r4"
		},
		{
			"predicate": {
				"custom_model_data": 20
			},
			"model": "animated_java:item/title/a3"
		},
		{
			"predicate": {
				"custom_model_data": 21
			},
			"model": "animated_java:item/title/f2"
		},
		{
			"predicate": {
				"custom_model_data": 22
			},
			"model": "animated_java:item/title/t2"
		},
		{
			"predicate": {
				"custom_model_data": 23
			},
			"model": "animated_java:item/title/r5"
		},
		{
			"predicate": {
				"custom_model_data": 24
			},
			"model": "animated_java:item/title/e2"
		},
		{
			"predicate": {
				"custom_model_data": 25
			},
			"model": "animated_java:item/title/m2"
		},
		{
			"predicate": {
				"custom_model_data": 26
			},
			"model": "animated_java:item/title/a4"
		},
		{
			"predicate": {
				"custom_model_data": 27
			},
			"model": "animated_java:item/title/k"
		},
		{
			"predicate": {
				"custom_model_data": 28
			},
			"model": "animated_java:item/title/e3"
		}
	],
	"animated_java": {
		"rigs": {
			"test_npc": {
				"used_ids": [
					2,
					3,
					4,
					5,
					6,
					7
				]
			},
			"title": {
				"used_ids": [
					8,
					9,
					10,
					11,
					12,
					13,
					14,
					15,
					16,
					17,
					18,
					19,
					20,
					21,
					22,
					23,
					24,
					25,
					26,
					27,
					28
				]
			}
		}
	}
}