{
	"parent": "item/generated",
	"textures": {
		"layer0": "minecraft:item/oak_door"
	},
	"overrides": [
		{
			"predicate": {
				"custom_model_data": 1
			},
			"model": "item/animated_java_empty"
		},
		{
			"predicate": {
				"custom_model_data": 2
			},
			"model": "animated_java:item/auto_door/door_l"
		},
		{
			"predicate": {
				"custom_model_data": 3
			},
			"model": "animated_java:item/auto_door/door_r"
		}
	],
	"animated_java": {
		"rigs": {
			"auto_door": {
				"used_ids": [
					2,
					3
				]
			}
		}
	}
}