{
	"credit": "Made with Blockbench",
	"textures": {
		"particle": "tfc:item/metal/axe/copper",
		"layer0": "tfc:item/metal/axe/copper"
	},
	"elements": [
		{
			"name": "axe",
			"from": [7.64601, 5.1, 7.09933],
			"to": [8.94601, 9.35, 8.39933],
			"rotation": {"angle": -45, "axis": "y", "origin": [7.92915, 10.23037, 7.38619]},
			"faces": {
				"north": {"uv": [11, 6, 12, 10], "texture": "#layer0"},
				"east": {"uv": [10, 6, 11, 10], "texture": "#layer0"},
				"south": {"uv": [13, 6, 14, 10], "texture": "#layer0"},
				"west": {"uv": [12, 6, 13, 10], "texture": "#layer0"},
				"up": {"uv": [12, 6, 11, 5], "texture": "#layer0"},
				"down": {"uv": [13, 5, 12, 6], "texture": "#layer0"}
			}
		},
		{
			"name": "axe",
			"from": [7.46534, 6.0005, 11.09607],
			"to": [8.46534, 7.2505, 12.34607],
			"rotation": {"angle": 45, "axis": "x", "origin": [7.92915, 10.23037, 7.38619]},
			"faces": {
				"north": {"uv": [1, 14, 2, 15], "texture": "#layer0"},
				"east": {"uv": [0, 14, 1, 15], "texture": "#layer0"},
				"south": {"uv": [3, 14, 4, 15], "texture": "#layer0"},
				"west": {"uv": [2, 14, 3, 15], "texture": "#layer0"},
				"up": {"uv": [2, 14, 1, 13], "texture": "#layer0"},
				"down": {"uv": [3, 13, 2, 14], "texture": "#layer0"}
			}
		},
		{
			"name": "axe",
			"from": [7.7935, 5, 7.25184],
			"to": [8.7935, 17.25, 8.25184],
			"rotation": {"angle": -45, "axis": "y", "origin": [7.92915, 10.23037, 7.38619]},
			"faces": {
				"north": {"uv": [1, 1, 2, 13], "texture": "#layer0"},
				"east": {"uv": [0, 1, 1, 13], "texture": "#layer0"},
				"south": {"uv": [3, 1, 4, 13], "texture": "#layer0"},
				"west": {"uv": [2, 1, 3, 13], "texture": "#layer0"},
				"up": {"uv": [2, 1, 1, 0], "texture": "#layer0"},
				"down": {"uv": [3, 0, 2, 1], "texture": "#layer0"}
			}
		},
		{
			"name": "axe",
			"from": [7.23, 13.48668, 7.09837],
			"to": [8.63, 16.98668, 8.09837],
			"rotation": {"angle": -22.5, "axis": "x", "origin": [8.09296, 15.23668, 7.59837]},
			"faces": {
				"north": {"uv": [11.5, 11, 12, 13], "texture": "#layer0"},
				"east": {"uv": [11, 11, 11.5, 13], "texture": "#layer0"},
				"south": {"uv": [12.5, 11, 13, 13], "texture": "#layer0"},
				"west": {"uv": [12, 11, 12.5, 13], "texture": "#layer0"},
				"up": {"uv": [12, 11, 11.5, 10.5], "texture": "#layer0"},
				"down": {"uv": [12.5, 10.5, 12, 11], "texture": "#layer0"}
			}
		},
		{
			"name": "axe",
			"from": [7.2, 13.66967, 7.13856],
			"to": [8.65, 16.66967, 8.63856],
			"rotation": {"angle": 45, "axis": "x", "origin": [7.86796, 15.16967, 7.88856]},
			"faces": {
				"north": {"uv": [13, 3, 14, 5], "texture": "#layer0"},
				"east": {"uv": [12, 3, 13, 5], "texture": "#layer0"},
				"south": {"uv": [15, 3, 16, 5], "texture": "#layer0"},
				"west": {"uv": [14, 3, 15, 5], "texture": "#layer0"},
				"up": {"uv": [14, 3, 13, 2], "texture": "#layer0"},
				"down": {"uv": [15, 2, 14, 3], "texture": "#layer0"}
			}
		},
		{
			"name": "axe",
			"from": [7.44, 13.59194, 2.84876],
			"to": [8.46, 16.09194, 4.84876],
			"rotation": {"angle": 22.5, "axis": "x", "origin": [7.82915, 10.23037, 7.38619]},
			"faces": {
				"north": {"uv": [6, 7, 7, 9], "texture": "#layer0"},
				"east": {"uv": [4, 7, 6, 9], "texture": "#layer0"},
				"south": {"uv": [9, 7, 10, 9], "texture": "#layer0"},
				"west": {"uv": [7, 7, 9, 9], "texture": "#layer0"},
				"up": {"uv": [7, 7, 6, 5], "texture": "#layer0"},
				"down": {"uv": [8, 5, 7, 7], "texture": "#layer0"}
			}
		},
		{
			"name": "axe",
			"from": [7.45, 13.81581, 6.55473],
			"to": [8.45, 15.81581, 9.55473],
			"rotation": {"angle": -22.5, "axis": "x", "origin": [7.92915, 10.23037, 7.38619]},
			"faces": {
				"north": {"uv": [7, 3, 8, 5], "texture": "#layer0"},
				"east": {"uv": [4, 3, 7, 5], "texture": "#layer0"},
				"south": {"uv": [11, 3, 12, 5], "texture": "#layer0"},
				"west": {"uv": [8, 3, 11, 5], "texture": "#layer0"},
				"up": {"uv": [8, 3, 7, 0], "texture": "#layer0"},
				"down": {"uv": [7, 0, 6, 3], "texture": "#layer0"}
			}
		},
		{
			"name": "axe",
			"from": [7.4, 11.60761, 10.88954],
			"to": [8.5, 13.85761, 13.13954],
			"rotation": {"angle": -45, "axis": "x", "origin": [7.92915, 10.23037, 7.38619]},
			"faces": {
				"north": {"uv": [6, 11, 7, 13], "texture": "#layer0"},
				"east": {"uv": [4, 11, 6, 13], "texture": "#layer0"},
				"south": {"uv": [9, 11, 10, 13], "texture": "#layer0"},
				"west": {"uv": [7, 11, 9, 13], "texture": "#layer0"},
				"up": {"uv": [7, 11, 6, 9], "texture": "#layer0"},
				"down": {"uv": [8, 9, 7, 11], "texture": "#layer0"}
			}
		}
	],
	"display": {
		"thirdperson_righthand": {
			"translation": [0, -1, 1.25],
			"scale": [1.2, 1.2, 1.2]
		},
		"thirdperson_lefthand": {
			"translation": [0, -1, 1.25],
			"scale": [1.2, 1.2, 1.2]
		},
		"firstperson_righthand": {
			"rotation": [-5, 0, 0],
			"translation": [0.5, 0, 1.75],
			"scale": [1.2, 1.2, 1.2]
		},
		"firstperson_lefthand": {
			"rotation": [-5, 0, 0],
			"translation": [0.25, 0, 1.75],
			"scale": [1.2, 1.2, 1.2]
		},
		"gui": {
			"rotation": [0, 90, 0],
			"translation": [0.25, -2.75, 0]
		},
		"fixed": {
			"rotation": [0, -90, 0],
			"translation": [-0.25, -3, 0],
			"scale": [1.2, 1.2, 1.2]
		}
	},
	"groups": [
		{
			"name": "axe",
			"origin": [8, 8, 8],
			"color": 0,
			"children": [0, 1, 2, 3, 4, 5, 6, 7]
		}
	]
}