{
    "type": "minecraft:chest",
    "pools": [
      {
        "rolls": {
          "min": 2,
          "max": 4,
          "type": "minecraft:uniform"
        },
        "entries": [
          {
            "type": "minecraft:item",
            "weight": 1,
            "functions": [
              {
                "function": "minecraft:set_count",
                "count": {
                  "min": 1,
                  "max": 2,
                  "type": "minecraft:uniform"
                }
              }
            ],
            "name": "tfc:seeds/barley"
          },
          {
            "type": "minecraft:item",
            "weight": 10,
            "functions": [
              {
                "function": "minecraft:set_count",
                "count": {
                  "min": 1,
                  "max": 2,
                  "type": "minecraft:uniform"
                }
              }
            ],
            "name": "tfc:seeds/oat"
          },
          {
            "type": "minecraft:item",
            "weight": 10,
            "functions": [
              {
                "function": "minecraft:set_count",
                "count": {
                  "min": 1,
                  "max": 2,
                  "type": "minecraft:uniform"
                }
              }
            ],
            "name": "tfc:seeds/rye"
          }
        ]
      }
    ]
  }
  