{
	"credit": "Made with Blockbench",
	"parent": "block/block",
	"textures": {
		"0": "firmalife:block/treated_wood",
		"3": "firmalife:block/devices/compost_tumbler/support",
		"4": "firmalife:block/devices/compost_tumbler/composter_side",
		"5": "firmalife:block/devices/compost_tumbler/composter_end_axle",
		"6": "firmalife:block/devices/compost_tumbler/composter_end",
		"particle": "firmalife:block/devices/compost_tumbler/composter_side"
	},
	"elements": [
		{
			"from": [0, 0, 0],
			"to": [16, 2, 2],
			"faces": {
				"north": {"uv": [0, 9, 16, 11], "texture": "#0"},
				"east": {"uv": [14, 14, 16, 16], "texture": "#0"},
				"south": {"uv": [0, 14, 16, 16], "texture": "#0"},
				"west": {"uv": [1, 9, 3, 11], "texture": "#0"},
				"up": {"uv": [0, 0, 16, 2], "texture": "#0"},
				"down": {"uv": [0, 14, 16, 16], "texture": "#0"}
			}
		},
		{
			"from": [0, 0, 2],
			"to": [2, 1, 16],
			"faces": {
				"east": {"uv": [0, 15, 14, 16], "texture": "#0"},
				"south": {"uv": [0, 15, 2, 16], "texture": "#0"},
				"west": {"uv": [2, 15, 16, 16], "texture": "#0"},
				"up": {"uv": [0, 0, 14, 2], "rotation": 270, "texture": "#0"},
				"down": {"uv": [0, 0, 2, 14], "texture": "#0"}
			}
		},
		{
			"from": [14, 0, 2],
			"to": [16, 1, 16],
			"faces": {
				"east": {"uv": [0, 15, 14, 16], "texture": "#0"},
				"south": {"uv": [13, 14, 15, 15], "texture": "#0"},
				"west": {"uv": [2, 15, 16, 16], "texture": "#0"},
				"up": {"uv": [1, 6, 15, 8], "rotation": 90, "texture": "#0"},
				"down": {"uv": [14, 0, 16, 14], "texture": "#0"}
			}
		},
		{
			"from": [7, 2, 0],
			"to": [9, 6, 2],
			"faces": {
				"north": {"uv": [1, 4, 3, 8], "texture": "#3"},
				"east": {"uv": [3, 4, 1, 8], "texture": "#3"},
				"south": {"uv": [1, 4, 3, 8], "texture": "#3"},
				"west": {"uv": [1, 4, 3, 8], "texture": "#3"}
			}
		},
		{
			"from": [6, 6, 0],
			"to": [10, 10, 2],
			"faces": {
				"north": {"uv": [0, 0, 4, 4], "texture": "#3"},
				"east": {"uv": [6, 0, 4, 4], "texture": "#3"},
				"south": {"uv": [0, 0, 4, 4], "texture": "#3"},
				"west": {"uv": [4, 0, 6, 4], "texture": "#3"},
				"up": {"uv": [4, 0, 6, 4], "rotation": 90, "texture": "#3"},
				"down": {"uv": [4, 0, 6, 4], "rotation": 270, "texture": "#3"}
			}
		},
		{
			"from": [2, 2, 2],
			"to": [14, 14, 16],
			"faces": {
				"north": {"uv": [0, 0, 12, 12], "texture": "#6"},
				"east": {"uv": [0, 0, 14, 12], "rotation": 180, "texture": "#4"},
				"south": {"uv": [0, 0, 12, 12], "texture": "#5"},
				"west": {"uv": [0, 0, 14, 12], "texture": "#4"},
				"up": {"uv": [0, 0, 14, 12], "rotation": 90, "texture": "#4"},
				"down": {"uv": [0, 0, 14, 12], "rotation": 270, "texture": "#4"}
			}
		}
	]
}