{
	"credit": "Made by @vexxel with Blockbench - https://github.com/vexxel",
	"textures": {
		"particle": "firmalife:block/devices/irrigation/irrigation_tank_side",
		"side": "firmalife:block/devices/irrigation/irrigation_tank_side",
		"end": "firmalife:block/devices/irrigation/irrigation_tank_ud",
		"pipe": "firmalife:block/devices/copper_pipe/copper"
	},
	"elements": [
		{
			"from": [0, 0, 0],
			"to": [16, 4, 16],
			"faces": {
				"north": {"uv": [0, 12, 16, 16], "texture": "#side"},
				"east": {"uv": [0, 12, 16, 16], "texture": "#side"},
				"south": {"uv": [0, 12, 16, 16], "texture": "#side"},
				"west": {"uv": [0, 12, 16, 16], "texture": "#side"},
				"up": {"uv": [0, 0, 16, 16], "texture": "#end"},
				"down": {"uv": [0, 0, 16, 16], "texture": "#end"}
			}
		},
		{
			"from": [0, 12, 0],
			"to": [16, 16, 16],
			"faces": {
				"north": {"uv": [0, 0, 16, 4], "texture": "#side"},
				"east": {"uv": [0, 0, 16, 4], "texture": "#side"},
				"south": {"uv": [0, 0, 16, 4], "texture": "#side"},
				"west": {"uv": [0, 0, 16, 4], "texture": "#side"},
				"up": {"uv": [0, 0, 16, 16], "texture": "#end"},
				"down": {"uv": [0, 0, 16, 16], "texture": "#end"}
			}
		},
		{
			"from": [1, 4, 1],
			"to": [15, 12, 15],
			"faces": {
				"north": {"uv": [1, 4, 15, 12], "texture": "#side"},
				"east": {"uv": [1, 4, 15, 12], "texture": "#side"},
				"south": {"uv": [1, 4, 15, 12], "texture": "#side"},
				"west": {"uv": [1, 4, 15, 12], "texture": "#side"}
			}
		},
		{
			"from": [5, 6, 0],
			"to": [6, 10, 2],
			"rotation": {"angle": 0, "axis": "x", "origin": [8, 8, 8]},
			"faces": {
				"north": {"uv": [6, 7, 7, 11], "rotation": 180, "texture": "#pipe"},
				"east": {"uv": [1, 10, 5, 12], "rotation": 270, "texture": "#pipe"},
				"west": {"uv": [1, 4, 5, 6], "rotation": 90, "texture": "#pipe"}
			}
		},
		{
			"from": [10, 6, 0],
			"to": [11, 10, 2],
			"rotation": {"angle": 0, "axis": "x", "origin": [8, 8, 8]},
			"faces": {
				"north": {"uv": [11, 7, 12, 11], "rotation": 180, "texture": "#pipe"},
				"east": {"uv": [1, 4, 5, 6], "rotation": 270, "texture": "#pipe"},
				"west": {"uv": [1, 10, 5, 12], "rotation": 90, "texture": "#pipe"}
			}
		},
		{
			"from": [5, 5, 0],
			"to": [11, 6, 2],
			"rotation": {"angle": 0, "axis": "x", "origin": [8, 8, 8]},
			"faces": {
				"north": {"uv": [6, 6, 12, 7], "rotation": 180, "texture": "#pipe"},
				"east": {"uv": [0, 4, 1, 6], "rotation": 270, "texture": "#pipe"},
				"west": {"uv": [5, 4, 6, 6], "rotation": 90, "texture": "#pipe"},
				"up": {"uv": [0, 10, 6, 12], "rotation": 180, "texture": "#pipe"},
				"down": {"uv": [0, 4, 6, 6], "texture": "#pipe"}
			}
		},
		{
			"from": [5, 10, 0],
			"to": [11, 11, 2],
			"rotation": {"angle": 0, "axis": "x", "origin": [8, 8, 8]},
			"faces": {
				"north": {"uv": [6, 11, 12, 12], "rotation": 180, "texture": "#pipe"},
				"east": {"uv": [5, 4, 6, 6], "rotation": 270, "texture": "#pipe"},
				"west": {"uv": [0, 4, 1, 6], "rotation": 90, "texture": "#pipe"},
				"up": {"uv": [0, 4, 6, 6], "rotation": 180, "texture": "#pipe"},
				"down": {"uv": [0, 10, 6, 12], "texture": "#pipe"}
			}
		},
		{
			"from": [0, 6, 10],
			"to": [2, 10, 11],
			"rotation": {"angle": 0, "axis": "y", "origin": [8, 8, 8]},
			"faces": {
				"north": {"uv": [1, 10, 5, 12], "rotation": 270, "texture": "#pipe"},
				"south": {"uv": [1, 4, 5, 6], "rotation": 90, "texture": "#pipe"},
				"west": {"uv": [6, 7, 7, 11], "rotation": 180, "texture": "#pipe"}
			}
		},
		{
			"from": [0, 6, 5],
			"to": [2, 10, 6],
			"rotation": {"angle": 0, "axis": "y", "origin": [8, 8, 8]},
			"faces": {
				"north": {"uv": [1, 4, 5, 6], "rotation": 270, "texture": "#pipe"},
				"south": {"uv": [1, 10, 5, 12], "rotation": 90, "texture": "#pipe"},
				"west": {"uv": [11, 7, 12, 11], "rotation": 180, "texture": "#pipe"}
			}
		},
		{
			"from": [0, 5, 5],
			"to": [2, 6, 11],
			"rotation": {"angle": 0, "axis": "y", "origin": [8, 8, 8]},
			"faces": {
				"north": {"uv": [0, 4, 1, 6], "rotation": 270, "texture": "#pipe"},
				"south": {"uv": [5, 4, 6, 6], "rotation": 90, "texture": "#pipe"},
				"west": {"uv": [6, 6, 12, 7], "rotation": 180, "texture": "#pipe"},
				"up": {"uv": [0, 10, 6, 12], "rotation": 90, "texture": "#pipe"},
				"down": {"uv": [0, 4, 6, 6], "rotation": 90, "texture": "#pipe"}
			}
		},
		{
			"from": [0, 10, 5],
			"to": [2, 11, 11],
			"rotation": {"angle": 0, "axis": "y", "origin": [8, 8, 8]},
			"faces": {
				"north": {"uv": [5, 4, 6, 6], "rotation": 270, "texture": "#pipe"},
				"south": {"uv": [0, 4, 1, 6], "rotation": 90, "texture": "#pipe"},
				"west": {"uv": [6, 11, 12, 12], "rotation": 180, "texture": "#pipe"},
				"up": {"uv": [0, 4, 6, 6], "rotation": 90, "texture": "#pipe"},
				"down": {"uv": [0, 10, 6, 12], "rotation": 90, "texture": "#pipe"}
			}
		},
		{
			"from": [14, 6, 5],
			"to": [16, 10, 6],
			"rotation": {"angle": 0, "axis": "y", "origin": [8, 8, 8]},
			"faces": {
				"north": {"uv": [1, 4, 5, 6], "rotation": 90, "texture": "#pipe"},
				"east": {"uv": [6, 7, 7, 11], "rotation": 180, "texture": "#pipe"},
				"south": {"uv": [1, 10, 5, 12], "rotation": 270, "texture": "#pipe"}
			}
		},
		{
			"from": [14, 6, 10],
			"to": [16, 10, 11],
			"rotation": {"angle": 0, "axis": "y", "origin": [8, 8, 8]},
			"faces": {
				"north": {"uv": [1, 10, 5, 12], "rotation": 90, "texture": "#pipe"},
				"east": {"uv": [11, 7, 12, 11], "rotation": 180, "texture": "#pipe"},
				"south": {"uv": [1, 4, 5, 6], "rotation": 270, "texture": "#pipe"}
			}
		},
		{
			"from": [14, 5, 5],
			"to": [16, 6, 11],
			"rotation": {"angle": 0, "axis": "y", "origin": [8, 8, 8]},
			"faces": {
				"north": {"uv": [5, 4, 6, 6], "rotation": 90, "texture": "#pipe"},
				"east": {"uv": [6, 6, 12, 7], "rotation": 180, "texture": "#pipe"},
				"south": {"uv": [0, 4, 1, 6], "rotation": 270, "texture": "#pipe"},
				"up": {"uv": [0, 10, 6, 12], "rotation": 270, "texture": "#pipe"},
				"down": {"uv": [0, 4, 6, 6], "rotation": 270, "texture": "#pipe"}
			}
		},
		{
			"from": [14, 10, 5],
			"to": [16, 11, 11],
			"rotation": {"angle": 0, "axis": "y", "origin": [8, 8, 8]},
			"faces": {
				"north": {"uv": [0, 4, 1, 6], "rotation": 90, "texture": "#pipe"},
				"east": {"uv": [6, 11, 12, 12], "rotation": 180, "texture": "#pipe"},
				"south": {"uv": [5, 4, 6, 6], "rotation": 270, "texture": "#pipe"},
				"up": {"uv": [0, 4, 6, 6], "rotation": 270, "texture": "#pipe"},
				"down": {"uv": [0, 10, 6, 12], "rotation": 270, "texture": "#pipe"}
			}
		},
		{
			"from": [10, 6, 14],
			"to": [11, 10, 16],
			"rotation": {"angle": 0, "axis": "y", "origin": [8, 8, 8]},
			"faces": {
				"east": {"uv": [1, 4, 5, 6], "rotation": 90, "texture": "#pipe"},
				"south": {"uv": [6, 7, 7, 11], "rotation": 180, "texture": "#pipe"},
				"west": {"uv": [1, 10, 5, 12], "rotation": 270, "texture": "#pipe"}
			}
		},
		{
			"from": [5, 6, 14],
			"to": [6, 10, 16],
			"rotation": {"angle": 0, "axis": "y", "origin": [8, 8, 8]},
			"faces": {
				"east": {"uv": [1, 10, 5, 12], "rotation": 90, "texture": "#pipe"},
				"south": {"uv": [11, 7, 12, 11], "rotation": 180, "texture": "#pipe"},
				"west": {"uv": [1, 4, 5, 6], "rotation": 270, "texture": "#pipe"}
			}
		},
		{
			"from": [5, 5, 14],
			"to": [11, 6, 16],
			"rotation": {"angle": 0, "axis": "y", "origin": [8, 8, 8]},
			"faces": {
				"east": {"uv": [5, 4, 6, 6], "rotation": 90, "texture": "#pipe"},
				"south": {"uv": [6, 6, 12, 7], "rotation": 180, "texture": "#pipe"},
				"west": {"uv": [0, 4, 1, 6], "rotation": 270, "texture": "#pipe"},
				"up": {"uv": [0, 10, 6, 12], "texture": "#pipe"},
				"down": {"uv": [0, 4, 6, 6], "rotation": 180, "texture": "#pipe"}
			}
		},
		{
			"from": [5, 10, 14],
			"to": [11, 11, 16],
			"rotation": {"angle": 0, "axis": "y", "origin": [8, 8, 8]},
			"faces": {
				"east": {"uv": [0, 4, 1, 6], "rotation": 90, "texture": "#pipe"},
				"south": {"uv": [6, 11, 12, 12], "rotation": 180, "texture": "#pipe"},
				"west": {"uv": [5, 4, 6, 6], "rotation": 270, "texture": "#pipe"},
				"up": {"uv": [0, 4, 6, 6], "texture": "#pipe"},
				"down": {"uv": [0, 10, 6, 12], "rotation": 180, "texture": "#pipe"}
			}
		},
		{
			"from": [0, 4, 0],
			"to": [3, 12, 3],
			"faces": {
				"north": {"uv": [13, 4, 16, 12], "texture": "#side"},
				"east": {"uv": [13, 4, 16, 12], "texture": "#side"},
				"south": {"uv": [0, 4, 3, 12], "texture": "#side"},
				"west": {"uv": [0, 4, 3, 12], "texture": "#side"}
			}
		},
		{
			"from": [0, 4, 13],
			"to": [3, 12, 16],
			"faces": {
				"north": {"uv": [13, 4, 16, 12], "texture": "#side"},
				"east": {"uv": [0, 4, 3, 12], "texture": "#side"},
				"south": {"uv": [0, 4, 3, 12], "texture": "#side"},
				"west": {"uv": [13, 4, 16, 12], "texture": "#side"}
			}
		},
		{
			"from": [13, 4, 13],
			"to": [16, 12, 16],
			"faces": {
				"north": {"uv": [0, 4, 3, 12], "texture": "#side"},
				"east": {"uv": [0, 4, 3, 12], "texture": "#side"},
				"south": {"uv": [13, 4, 16, 12], "texture": "#side"},
				"west": {"uv": [13, 4, 16, 12], "texture": "#side"}
			}
		},
		{
			"from": [13, 4, 0],
			"to": [16, 12, 3],
			"faces": {
				"north": {"uv": [0, 4, 3, 12], "texture": "#side"},
				"east": {"uv": [13, 4, 16, 12], "texture": "#side"},
				"south": {"uv": [13, 4, 16, 12], "texture": "#side"},
				"west": {"uv": [0, 4, 3, 12], "texture": "#side"}
			}
		}
	],
	"display": {
		"thirdperson_righthand": {
			"rotation": [75, 45, 0],
			"translation": [0, 2.5, 0],
			"scale": [0.375, 0.375, 0.375]
		},
		"thirdperson_lefthand": {
			"rotation": [75, 45, 0],
			"translation": [0, 2.5, 0],
			"scale": [0.375, 0.375, 0.375]
		},
		"firstperson_righthand": {
			"rotation": [0, 45, 0],
			"scale": [0.4, 0.4, 0.4]
		},
		"firstperson_lefthand": {
			"rotation": [0, 225, 0],
			"scale": [0.4, 0.4, 0.4]
		},
		"ground": {
			"translation": [0, 3, 0],
			"scale": [0.25, 0.25, 0.25]
		},
		"gui": {
			"rotation": [30, 225, 0],
			"scale": [0.625, 0.625, 0.625]
		},
		"fixed": {
			"scale": [0.5, 0.5, 0.5]
		}
	},
	"groups": [
		0,
		1,
		2,
		{
			"name": "on",
			"origin": [8, 8, 8],
			"color": 0,
			"children": [3, 4, 5, 6]
		},
		{
			"name": "on",
			"origin": [8, 8, 8],
			"color": 0,
			"children": [7, 8, 9, 10]
		},
		{
			"name": "on",
			"origin": [8, 8, 8],
			"color": 0,
			"children": [11, 12, 13, 14]
		},
		{
			"name": "on",
			"origin": [8, 8, 8],
			"color": 0,
			"children": [15, 16, 17, 18]
		},
		19,
		20,
		21,
		22
	],
	"__comment__": "This file was automatically created by mcresources"
}